qYoZlbcuwHpUVrG4nzByPA,Austin Flower
ow3aaxI7cx3WgCmijOrqEw,King Florist
RgCI-o_wycpSZC7vX3xNmQ,Blackbird Floral
hMV5S3J27Se3TLmCxex3OQ,Freytag's Florist
zNIJ_UGoR_z_7lwSoUkjpw,Mercedes Flowers
g5iY0jGrFs38BcxkznsC-Q,Austin Flower Delivery
8E3tuBUHLH0SX4fi-T_PVw,Ali Bleu Flowers
gYtTQjzIWnQEIZ35EqHbTA,Ben White Florist
UqvrMaDIsOtpY01uOeGz7w,La Fleur Fresh Flower Market
rYiyRqFctgW5xl8BzxSjqQ,Texas Blooms
U2y-mU1GFxTRXCRw3oa60w,Magpie Blossom Boutique
3tAO8qKVFVy7_NJiWrseYg,The Enchanted Florist
Q0muMmPqod9BGvCW1ejgmg,Petals
nnEZxi0bEkQrKMammcfdZQ,Verbena Floral Design
gN5tFvnLcfSXB8nSbm_X0Q,Westbank Flower Market
0ZcjIgakrOTW1piWv3f0xg,Judy's Petal and Blooms
gHf-MJxqL0GZ931IgU72qQ,Plant Party
QlazyeDpX2Rkn_43R9EhxQ,Cedar Park Florist
NlmebH0c_ru2Sy6uMG-bfA,Austin Flower Market
aZQcrNjYFPNy1EKaBtTMOw,The Flower Bucket
ySTo3YRvtv7iEmzPckpiFg,Succulent Native
JvKYRs_m3ruKgysbegzSdA,Bloom & Bud
gzZ1DoMF_33RGKRjFrQlfg,Pollen Floral Art
D3IhiUik1H8cwUvdSchJSQ,Bouquets of Austin
9xF55lY5BwtZ_xZ9OkRrLg,The Flower Studio
iyeJrTWE3_Xtup77dC_Mtg,Waltons Fancy and Staple
m4g_ltG08HQYelOpFbx6XQ,Zinnia and Company
Drn42URxj0Nn_4YNFsxqHw,Wolff's Floral Designs
RyB_ztQBSK3eibul9y8VGA,Wildflower Rx
OcUiy9DHh2ifDsSuBeTojQ,Flower House Austin
IevvGtdr_mmF_ramiCLV6w,The Flower Social
VlVuA5bW_vhuqMT5y5OvlA,Last Petal
77YX7ZYSVx_2BYRsuZXLOA,Hutto Flower Market
DRaq1q-z0IsakogfxsZktQ,ATX Flowers - Flowers Are Happy
XYrGAnF1ZfES96fNUArxvQ,Mountain Laurel Floral
uvGGTjYmEXPGEfxVvkRRdQ,American Woman Flowers
DKmBDgVHytzzAOBy1r9UbQ,Posey Floral & Event Design
hievKr3950IoZf6ZdO429w,The Flower Box
PSYKGYT1y5jwvRYkjIC1Pw,Floral Renaissance
thq4G47eywHsYJS8EzJiUA,Merveille Flowers & Events
Qh2VtNnAPvZAxPtlCI7Bzw,Gypsy Floral and Events
WY1NkhPHp_ZCn_j8uFNYdQ,Lakeline Florist & Gifts
cAHCnOjJemX7XgEuEmnPgw,ParkCrest Floral Design
o2ctTPl2iKzOdOkIPofQtQ,Heart & Home Flowers
ttgSmJ-gxH3lwEOoLkVHHw,CTG Floral Design & Plant Emporium
9gDJ1uZZbnv1cBYT413NLQ,Rosehip Flora
vAQJUcHP3Kwf8dBVFnoK0A,Jane Claire's Floral Designs
PXMriZLbhBsCAFaqiUqsDg,A Flower Junction
RMcXoQk540zWwwBe-K8t1w,1st Moment Flowers
2hnLMqToU3HGJTzpKQtWmw,Bloom 3D
E3ki0lUQs-Kli5OulhA5AA,Austin Rainbow Bouquet
9j0isV9YuaJdToscElJhOA,Charlotte's Fiesta Flowers
uLtazh9JFsPKgb35zGk5aA,David Kurio Designs
-QJCVBhn78pk1EBf_8-y3g,Flowers Flowers Inc
7KQJHMSGwH5uA3vejcGuyg,Flower Crown Muse
qCuoQgzagfL7WB5eu5zXrg,Bloomin Across Texas
B5z63mfHL47qJBKa6etAQA,Budaful Flowers
vc3hLcyRr7RS9SfkmVGrDw,Stems Floral Design + Event Styling
hwstXlfhDOV0XmNGMzqcIA,The Flower Girl
dxcHl17pVjen-SiHDeBiYw,The Natural Gardener
zuFWvw15icYYvvwvHlo-yQ,Tiny Bloom
p2ilOKw5ifzQ4Jdm4-NkVQ,Austin Succulents & Terrariums
dOwP8x9OJQ_8HNt03IDbhA,Marble Falls Flower & Gift Shop
ij4E6roRKm_6pgRTOKElUg,The Great Outdoors
ikBesdSrwpmmmxy2re_eWw,Sweet Magnolia Flowers & Mercantile
iuvo8RmL0EM-4NQx7Gn3wA,Flora Fetish
ESqk_vbrBHbOjathjSZ2cQ,Scent of a Bloom
IXK5BFt04sailev6re9s6Q,Lemon Leaf Florist
5FT8BesOYJLMDlZUOtmKtw,Clementine
BhZdvGOmHEAOJEM0-lodIA,Barton Springs Nursery
eURa2s7Y7NjclMS3rq3R7Q,Tillery Street Plant Company
boyFGQ6Y9YRP6KAae3Z4Jg,All Stems From Sophia Florist
9FvlbziwNbNjH81ViZnW8Q,Loose Leaf | Florist
0Tq0p0xGqNsVK_tHzbZa9g,Jordan Flowers & Events
AzMv7_EQD2W6rmtufjiiFw,Mc Phail Florist & Greenhouse
UvnV1m2Gmt9hmB1dQZ5DxQ,Blumen Meisters Flower Market
QRvpBf7FIn-ZR3IGgh5c-Q,Couch Potato ATX
DpGBFKNATRLZp_tSM883nQ,D.Sweetpea's Custom Floral
C0W2OujUd8zTW5tNwHdd4Q,Lee Warth Designs
XPf6Nd2hYW3LTgotRNPIfw,Exquisite Petals
00bMXv09fSxRfOn7vKuyAw,Water Stones
PrLuj1RMqfiA_pdm7NtRzw,Kathi Thomas Design
Po_w2urhqIvQMtLHHJ6VYA,Wild Bunches Floral
owfQO_tqOMPGVV6IwpkJJA,Sami's Flower Shop & Event Services
eD1pcddZYJS7B_1jcvmHRA,Beyond Arrangements
F-pwl7OuSAzoXGBb25m42A,Greenleaf Wholesale Florist
Dji3BmZYivyEp3I0-U5h5w,Taylor'd Flowers For You
MHBB1mDfNLoRbnvp7W9dUA,Flora Funeral Sympathy Flowers
25PQgVhhFEmFZwAavu-Z-w,Sixpence Floral Design
vNJIwgZC5zisD4a-tmKDfA,Malleret Designs
oTeIQQQlgBwPIj-Fzgz3WA,Billowing Blooms
2SGEhaNmRZ5g6o_cPw7gAg,Facet Flower Shop
AbC1vGpOP3ne4x7YqgoJzA,Sledd Nursery
zdW1fkRkeJdH2k6gK26ZJQ,The Flower Haus
8kbiEQdGCHJ2nmOPaEz8sw,Garden Seventeen
w5oSSSUrS4Zav_XSWoPzJw,Cantu's Mexican Imports/Lee's Healing Center
nmJIOtVScQtqfpX9JwD6aQ,Wimberley Flower Shop
S_GK1PaZ8TsgG22l7LWPzw,Articulture Designs
asbQMXEWH2rzU6KVUNh60w,Vickery Wholesale Greenhouse
UvYxJW6Oy-047UuGgIdr_Q,Fieldling
BmnMWlSpTpbnX9q0MSy8FQ,Gifts-n-Such
p3KC6hF3n9_cGaPQ60UKkA,Kids-N-Cats Unique Gifts
vnsRchKlyyETeOsm_6Crew,Bloomin Across Texas
FHmQb7J470pJex71jQv67A,Edible Arrangements
Dxdy0HH7YBycePIxTqysuA,John's Flower House
7VTs4dhS04eK0FgZCaQtKw,Romantic Florals
DqVphbkkvPb-esONtUYI0Q,Ida Mayes Floristry
CEi-6CpTRPblwR_ZRYNhtQ,Flowers by Design
vrymyZO0eqILCKCUieGLNw,Kyle Flower Shop
PfQxSW9IAnTAfENE9giNpQ,SonFlower Florist
CNCzzP57WBaqQLt1rWnOCA,Pocket Full of Flowers
ixF30R3E025rEkVj63LdFg,ZuZu's Petals
LzIuB6ardD7km4lk5TZHEQ,Fine Feather Florals
7u2HDuMBf2TIPXwexyuSsg,Vanderkolk Florist & Sweets
FaAIGtZXj4GjCu7V3N55pA,Mariposa Floral
7ko9SGYYeQbEb9aa2MDeWg,Dream Events
bVwLV3_jjNAHtd3uel8GhQ,Flowerland
HZkKZInSakO_UZBdhMV3VQ,Heart and Home Flowers
G6BlDJc0zhPjNetsT-2CNg,Just For You
q03SnugY2u7rv_K8hYK_nw,Shoal Creek Nursery
GYU2mMf6djLFT1GjZn1Rvw,Disch Events
VuYzOjv1w9wqW3-arnpvOg,Floral Fabulous
_82FC-UdY3XS6OmG_boLaQ,Green Planet Scapes of Austin
5zbtFWZgb2Uoa9WaoHlJ0A,Linda's Flowers & More
-rXN28OjNdHPfO_5AukK-Q,Bird Dog Wedding
ScwronRAzhizx9olapxkvQ,Austin Affair
kmtmY04UpdCfWz7sZI6V2w,Avas Flowers
wg5bq2HifJaxUgDhaVgm6A,Vessel and Vine
NsAqMOpFf3eCJJ3K_G_reQ,Rose's Flower Shop & Gifts
1_2hXgERIZyDiCANSRQGmw,Visual Lyrics
hmVclTeBOHEsRNt4WqgncQ,Spike Gillespie
1d0UzvUwe6ywipSDSPC4XA,Road Side Rose Trading
MemgrppKh3IyaqFX_5W8_w,Moon Valley Nurseries
F9fLydpunk8VqOW6k-meFQ,Wild Poppy
9nAP8pEhBuT65QeFcynbfg,East Austin Succulents
ZbS1ITZY2RthiNNMOThZyQ,Prima Dora
w5sElBUlmNYVtEJOaiOfVA,A Flower Connection
-S3Mqaa4PfRQ1Fa1lYQvow,Sip and Stems
rywGDbdr9y-i_vd-lurFXQ,Same Day Flower Delivery
oI4q4OZ78hKLJ4cWYq3IlQ,Clearly Classy Events
NSddFd8Myl64t1C-KcyKXA,ATX Bubbles
CE6Qywv6GsXXwCFHt6friw,Dantay's Flowers & Gifts
ZBssgoHgDRM8d7l5tsPpzA,Casa Linda Florals
sNzQf1kN3fhsG5IGGtYesw,Yellow Umbrella Events
2vb-5slOwQBFtzSDR4CF6g,Holmstroms-Taylor Floral Company
MFzAY8OVkq2kWXd9OyNWuA,Jenna Neal Designs
ixuhPVKZN6yAObwcjArY7Q,Bon Vivant Gift Boxes
PYQwS8KcL2PsD1E4PQX5XA,Brookshire Brothers
W9wUmCZ-CsNmz40H7nh81A,Carr Butterfield
6_W4zObD62lbneAHPVBV7w,Umlauf Sculpture Garden & Museum
anqlVAdUcY6BO-2R9mWjKA,Black Orchid Floral Design
EhvJC6vDXNob7Rlu70owwQ,Peonies + Lace Weddings
eVKbmBYQ3EjzUq8aIVFXYA,Creative Balloon Entertainment
VYxDJN1kxZI7aHGKpBLurw,Blanton Floral
sLdYUSySoIJTPak48a0t7Q,Something To Celebrate
74UbavScNcAHXqZfdXAoNw,Balloons 'N' Smiles
PVFSnG0cfR1HRbApFw56fw,Peekaboo Blooms
WA7lbMHVKrqPOyNCdPhivw,Prive Floral
h9ewTG5ORnwMEr38Dk6-3Q,Wildflowers & Whiskey Events
6SVenkNFABCWaGR69a_I0g,Bloom and Leaf
_4EUBrLpONGP3jysOmb67Q,Black Petal Floral Design
sMHWpHV085rITlgJc1X71g,Northwest Hills At Davenport
7BYoUAMns05in6aC5rm_Iw,CLINK
sj4widXCfu5SIg7isHfPHA,Hyde Park Weddings
PlpRoQW9QvAVy4r2v_NSPw,Callahan’s General Store
TKDsWRPHjReQHAcP4hIbaQ,Highland Avenue Events
NQ6pzFywNt3F8H5c_DNNzg,Ten Thousand Pots
cQBqnV-xiAz1VDVL2FMF9w,Wow Factor Floral
9lcfxkmS_CUH2xqoXZ2rBw,Trim & Proper Mowing and Landscaping
jGuKvat6sca3atLc66rXMA,Zilker Botanical Gardens
AhwMojdCflguhb_YjCLzSw,620 Florist
_jtIYkTQqvJcnJ5fwjYKQw,Just' in Roses Wedding Floral
V5xrx_fvFOBvHrf_sN6gug,Vivero Growers Nursery
PIPtHLlGCPOSxS-kF-TyIQ,Field To Vase Wedding Florist
wBXqgQbxVCDvykMSpw3aJg,"Your Wedding, Your Way"
w948ZQqQstK-zfhbMSF95Q,Geo Growers
OmX0YPvioPr4VN9w9SmE9g,Bloomers Garden Center
oiormsoW0Q055eIqGEIMLQ,Edible Arrangements
ea5gZBRlwKY_84aKAcjfOw,Brenda Abbott Floral Design
DnbyiKmVP-tiH42uveMRXQ,The Home Depot
87Ge54UVMXs3VdQOToOHSw,Green 'n Growing
yfIPQqUb_Lfbc6wRovpL3g,Lady Bird Johnson Wildflower Center
A7PFMO2UDuquB8Jn3XhBFg,Bella by Sara
5k4BnnQK-tS6MvfVOhksXA,Dee's Boutique & Florist
Kk2qh5eBuLnYloVYmZGFJA,The Nouveau Romantics
kg6k8LI4z51TI7kzDnc_mQ,Treasured Blossoms Floral and Event Design
Md0CxmcawDQBtUwr_mI9iw,Austin Occasions
7yd74X_nyVXpud_xf46H4Q,Sunshine Garden
8q5W697uhUfU9BLOi-21hg,Events by DECISIONS
HiUt7pEU5z4G-B5ohENjzQ,WhiteCurtin Design
8jOP0r2NPF9hidrLbzu7qA,Silly Sparkles
8J1DEeFLR8WFU9qADz4dng,Daisies & Daffodils
nvwTiVdjvMk6LwljFe6RBw,Bricolage Curated Florals
TujxYXF6IFsVKY7GagGbZA,Burlap and Rose Wedding Planning
jsE7vFza6tJtq2y96Poopw,Garden of the Ancients
tm3GPKPWwMdBPw2jzirExg,Red Barn Garden Center
KmGkB_EOHf_cN91nUCQZlg,Bastrop Botanical Gardens
ZGyzmSw21fh9J_QquFrTHw,Austin Event Angels
Ag_CR6rA7WUmFEUnfuHhUQ,Edible Arrangements
bEfxzyMHWz7sQTkHz_V-kw,Desk Plants
qYoZlbcuwHpUVrG4nzByPA,Austin Flower
ow3aaxI7cx3WgCmijOrqEw,King Florist
RgCI-o_wycpSZC7vX3xNmQ,Blackbird Floral
hMV5S3J27Se3TLmCxex3OQ,Freytag's Florist
zNIJ_UGoR_z_7lwSoUkjpw,Mercedes Flowers
g5iY0jGrFs38BcxkznsC-Q,Austin Flower Delivery
8E3tuBUHLH0SX4fi-T_PVw,Ali Bleu Flowers
gYtTQjzIWnQEIZ35EqHbTA,Ben White Florist
UqvrMaDIsOtpY01uOeGz7w,La Fleur Fresh Flower Market
rYiyRqFctgW5xl8BzxSjqQ,Texas Blooms
U2y-mU1GFxTRXCRw3oa60w,Magpie Blossom Boutique
3tAO8qKVFVy7_NJiWrseYg,The Enchanted Florist
Q0muMmPqod9BGvCW1ejgmg,Petals
nnEZxi0bEkQrKMammcfdZQ,Verbena Floral Design
gN5tFvnLcfSXB8nSbm_X0Q,Westbank Flower Market
0ZcjIgakrOTW1piWv3f0xg,Judy's Petal and Blooms
gHf-MJxqL0GZ931IgU72qQ,Plant Party
QlazyeDpX2Rkn_43R9EhxQ,Cedar Park Florist
NlmebH0c_ru2Sy6uMG-bfA,Austin Flower Market
aZQcrNjYFPNy1EKaBtTMOw,The Flower Bucket
ySTo3YRvtv7iEmzPckpiFg,Succulent Native
JvKYRs_m3ruKgysbegzSdA,Bloom & Bud
gzZ1DoMF_33RGKRjFrQlfg,Pollen Floral Art
D3IhiUik1H8cwUvdSchJSQ,Bouquets of Austin
9xF55lY5BwtZ_xZ9OkRrLg,The Flower Studio
iyeJrTWE3_Xtup77dC_Mtg,Waltons Fancy and Staple
m4g_ltG08HQYelOpFbx6XQ,Zinnia and Company
Drn42URxj0Nn_4YNFsxqHw,Wolff's Floral Designs
RyB_ztQBSK3eibul9y8VGA,Wildflower Rx
OcUiy9DHh2ifDsSuBeTojQ,Flower House Austin
IevvGtdr_mmF_ramiCLV6w,The Flower Social
VlVuA5bW_vhuqMT5y5OvlA,Last Petal
77YX7ZYSVx_2BYRsuZXLOA,Hutto Flower Market
DRaq1q-z0IsakogfxsZktQ,ATX Flowers - Flowers Are Happy
XYrGAnF1ZfES96fNUArxvQ,Mountain Laurel Floral
uvGGTjYmEXPGEfxVvkRRdQ,American Woman Flowers
DKmBDgVHytzzAOBy1r9UbQ,Posey Floral & Event Design
hievKr3950IoZf6ZdO429w,The Flower Box
PSYKGYT1y5jwvRYkjIC1Pw,Floral Renaissance
thq4G47eywHsYJS8EzJiUA,Merveille Flowers & Events
Qh2VtNnAPvZAxPtlCI7Bzw,Gypsy Floral and Events
WY1NkhPHp_ZCn_j8uFNYdQ,Lakeline Florist & Gifts
cAHCnOjJemX7XgEuEmnPgw,ParkCrest Floral Design
o2ctTPl2iKzOdOkIPofQtQ,Heart & Home Flowers
ttgSmJ-gxH3lwEOoLkVHHw,CTG Floral Design & Plant Emporium
9gDJ1uZZbnv1cBYT413NLQ,Rosehip Flora
vAQJUcHP3Kwf8dBVFnoK0A,Jane Claire's Floral Designs
PXMriZLbhBsCAFaqiUqsDg,A Flower Junction
RMcXoQk540zWwwBe-K8t1w,1st Moment Flowers
2hnLMqToU3HGJTzpKQtWmw,Bloom 3D
U2y-mU1GFxTRXCRw3oa60w,Magpie Blossom Boutique
3tAO8qKVFVy7_NJiWrseYg,The Enchanted Florist
Q0muMmPqod9BGvCW1ejgmg,Petals
nnEZxi0bEkQrKMammcfdZQ,Verbena Floral Design
gN5tFvnLcfSXB8nSbm_X0Q,Westbank Flower Market
0ZcjIgakrOTW1piWv3f0xg,Judy's Petal and Blooms
gHf-MJxqL0GZ931IgU72qQ,Plant Party
QlazyeDpX2Rkn_43R9EhxQ,Cedar Park Florist
NlmebH0c_ru2Sy6uMG-bfA,Austin Flower Market
aZQcrNjYFPNy1EKaBtTMOw,The Flower Bucket
ySTo3YRvtv7iEmzPckpiFg,Succulent Native
JvKYRs_m3ruKgysbegzSdA,Bloom & Bud
gzZ1DoMF_33RGKRjFrQlfg,Pollen Floral Art
D3IhiUik1H8cwUvdSchJSQ,Bouquets of Austin
9xF55lY5BwtZ_xZ9OkRrLg,The Flower Studio
iyeJrTWE3_Xtup77dC_Mtg,Waltons Fancy and Staple
m4g_ltG08HQYelOpFbx6XQ,Zinnia and Company
Drn42URxj0Nn_4YNFsxqHw,Wolff's Floral Designs
RyB_ztQBSK3eibul9y8VGA,Wildflower Rx
OcUiy9DHh2ifDsSuBeTojQ,Flower House Austin
IevvGtdr_mmF_ramiCLV6w,The Flower Social
VlVuA5bW_vhuqMT5y5OvlA,Last Petal
77YX7ZYSVx_2BYRsuZXLOA,Hutto Flower Market
DRaq1q-z0IsakogfxsZktQ,ATX Flowers - Flowers Are Happy
XYrGAnF1ZfES96fNUArxvQ,Mountain Laurel Floral
uvGGTjYmEXPGEfxVvkRRdQ,American Woman Flowers
DKmBDgVHytzzAOBy1r9UbQ,Posey Floral & Event Design
hievKr3950IoZf6ZdO429w,The Flower Box
PSYKGYT1y5jwvRYkjIC1Pw,Floral Renaissance
thq4G47eywHsYJS8EzJiUA,Merveille Flowers & Events
Qh2VtNnAPvZAxPtlCI7Bzw,Gypsy Floral and Events
WY1NkhPHp_ZCn_j8uFNYdQ,Lakeline Florist & Gifts
cAHCnOjJemX7XgEuEmnPgw,ParkCrest Floral Design
o2ctTPl2iKzOdOkIPofQtQ,Heart & Home Flowers
ttgSmJ-gxH3lwEOoLkVHHw,CTG Floral Design & Plant Emporium
9gDJ1uZZbnv1cBYT413NLQ,Rosehip Flora
vAQJUcHP3Kwf8dBVFnoK0A,Jane Claire's Floral Designs
PXMriZLbhBsCAFaqiUqsDg,A Flower Junction
RMcXoQk540zWwwBe-K8t1w,1st Moment Flowers
2hnLMqToU3HGJTzpKQtWmw,Bloom 3D
9j0isV9YuaJdToscElJhOA,Charlotte's Fiesta Flowers
uLtazh9JFsPKgb35zGk5aA,David Kurio Designs
-QJCVBhn78pk1EBf_8-y3g,Flowers Flowers Inc
7KQJHMSGwH5uA3vejcGuyg,Flower Crown Muse
qCuoQgzagfL7WB5eu5zXrg,Bloomin Across Texas
B5z63mfHL47qJBKa6etAQA,Budaful Flowers
vc3hLcyRr7RS9SfkmVGrDw,Stems Floral Design + Event Styling
hwstXlfhDOV0XmNGMzqcIA,The Flower Girl
dxcHl17pVjen-SiHDeBiYw,The Natural Gardener
zuFWvw15icYYvvwvHlo-yQ,Tiny Bloom
ySTo3YRvtv7iEmzPckpiFg,Succulent Native
JvKYRs_m3ruKgysbegzSdA,Bloom & Bud
gzZ1DoMF_33RGKRjFrQlfg,Pollen Floral Art
D3IhiUik1H8cwUvdSchJSQ,Bouquets of Austin
9xF55lY5BwtZ_xZ9OkRrLg,The Flower Studio
iyeJrTWE3_Xtup77dC_Mtg,Waltons Fancy and Staple
m4g_ltG08HQYelOpFbx6XQ,Zinnia and Company
Drn42URxj0Nn_4YNFsxqHw,Wolff's Floral Designs
RyB_ztQBSK3eibul9y8VGA,Wildflower Rx
OcUiy9DHh2ifDsSuBeTojQ,Flower House Austin
IevvGtdr_mmF_ramiCLV6w,The Flower Social
VlVuA5bW_vhuqMT5y5OvlA,Last Petal
77YX7ZYSVx_2BYRsuZXLOA,Hutto Flower Market
DRaq1q-z0IsakogfxsZktQ,ATX Flowers - Flowers Are Happy
XYrGAnF1ZfES96fNUArxvQ,Mountain Laurel Floral
uvGGTjYmEXPGEfxVvkRRdQ,American Woman Flowers
DKmBDgVHytzzAOBy1r9UbQ,Posey Floral & Event Design
hievKr3950IoZf6ZdO429w,The Flower Box
PSYKGYT1y5jwvRYkjIC1Pw,Floral Renaissance
thq4G47eywHsYJS8EzJiUA,Merveille Flowers & Events
Qh2VtNnAPvZAxPtlCI7Bzw,Gypsy Floral and Events
WY1NkhPHp_ZCn_j8uFNYdQ,Lakeline Florist & Gifts
cAHCnOjJemX7XgEuEmnPgw,ParkCrest Floral Design
o2ctTPl2iKzOdOkIPofQtQ,Heart & Home Flowers
ttgSmJ-gxH3lwEOoLkVHHw,CTG Floral Design & Plant Emporium
9gDJ1uZZbnv1cBYT413NLQ,Rosehip Flora
vAQJUcHP3Kwf8dBVFnoK0A,Jane Claire's Floral Designs
PXMriZLbhBsCAFaqiUqsDg,A Flower Junction
RMcXoQk540zWwwBe-K8t1w,1st Moment Flowers
2hnLMqToU3HGJTzpKQtWmw,Bloom 3D
9j0isV9YuaJdToscElJhOA,Charlotte's Fiesta Flowers
uLtazh9JFsPKgb35zGk5aA,David Kurio Designs
-QJCVBhn78pk1EBf_8-y3g,Flowers Flowers Inc
7KQJHMSGwH5uA3vejcGuyg,Flower Crown Muse
qCuoQgzagfL7WB5eu5zXrg,Bloomin Across Texas
B5z63mfHL47qJBKa6etAQA,Budaful Flowers
vc3hLcyRr7RS9SfkmVGrDw,Stems Floral Design + Event Styling
hwstXlfhDOV0XmNGMzqcIA,The Flower Girl
dxcHl17pVjen-SiHDeBiYw,The Natural Gardener
zuFWvw15icYYvvwvHlo-yQ,Tiny Bloom
p2ilOKw5ifzQ4Jdm4-NkVQ,Austin Succulents & Terrariums
dOwP8x9OJQ_8HNt03IDbhA,Marble Falls Flower & Gift Shop
E3ki0lUQs-Kli5OulhA5AA,Austin Rainbow Bouquet
ij4E6roRKm_6pgRTOKElUg,The Great Outdoors
ikBesdSrwpmmmxy2re_eWw,Sweet Magnolia Flowers & Mercantile
iuvo8RmL0EM-4NQx7Gn3wA,Flora Fetish
ESqk_vbrBHbOjathjSZ2cQ,Scent of a Bloom
IXK5BFt04sailev6re9s6Q,Lemon Leaf Florist
5FT8BesOYJLMDlZUOtmKtw,Clementine
BhZdvGOmHEAOJEM0-lodIA,Barton Springs Nursery
IevvGtdr_mmF_ramiCLV6w,The Flower Social
VlVuA5bW_vhuqMT5y5OvlA,Last Petal
77YX7ZYSVx_2BYRsuZXLOA,Hutto Flower Market
DRaq1q-z0IsakogfxsZktQ,ATX Flowers - Flowers Are Happy
XYrGAnF1ZfES96fNUArxvQ,Mountain Laurel Floral
uvGGTjYmEXPGEfxVvkRRdQ,American Woman Flowers
DKmBDgVHytzzAOBy1r9UbQ,Posey Floral & Event Design
hievKr3950IoZf6ZdO429w,The Flower Box
PSYKGYT1y5jwvRYkjIC1Pw,Floral Renaissance
thq4G47eywHsYJS8EzJiUA,Merveille Flowers & Events
Qh2VtNnAPvZAxPtlCI7Bzw,Gypsy Floral and Events
WY1NkhPHp_ZCn_j8uFNYdQ,Lakeline Florist & Gifts
cAHCnOjJemX7XgEuEmnPgw,ParkCrest Floral Design
o2ctTPl2iKzOdOkIPofQtQ,Heart & Home Flowers
ttgSmJ-gxH3lwEOoLkVHHw,CTG Floral Design & Plant Emporium
9gDJ1uZZbnv1cBYT413NLQ,Rosehip Flora
vAQJUcHP3Kwf8dBVFnoK0A,Jane Claire's Floral Designs
PXMriZLbhBsCAFaqiUqsDg,A Flower Junction
RMcXoQk540zWwwBe-K8t1w,1st Moment Flowers
2hnLMqToU3HGJTzpKQtWmw,Bloom 3D
9j0isV9YuaJdToscElJhOA,Charlotte's Fiesta Flowers
uLtazh9JFsPKgb35zGk5aA,David Kurio Designs
-QJCVBhn78pk1EBf_8-y3g,Flowers Flowers Inc
7KQJHMSGwH5uA3vejcGuyg,Flower Crown Muse
qCuoQgzagfL7WB5eu5zXrg,Bloomin Across Texas
B5z63mfHL47qJBKa6etAQA,Budaful Flowers
vc3hLcyRr7RS9SfkmVGrDw,Stems Floral Design + Event Styling
hwstXlfhDOV0XmNGMzqcIA,The Flower Girl
dxcHl17pVjen-SiHDeBiYw,The Natural Gardener
zuFWvw15icYYvvwvHlo-yQ,Tiny Bloom
p2ilOKw5ifzQ4Jdm4-NkVQ,Austin Succulents & Terrariums
dOwP8x9OJQ_8HNt03IDbhA,Marble Falls Flower & Gift Shop
E3ki0lUQs-Kli5OulhA5AA,Austin Rainbow Bouquet
ij4E6roRKm_6pgRTOKElUg,The Great Outdoors
ikBesdSrwpmmmxy2re_eWw,Sweet Magnolia Flowers & Mercantile
iuvo8RmL0EM-4NQx7Gn3wA,Flora Fetish
ESqk_vbrBHbOjathjSZ2cQ,Scent of a Bloom
IXK5BFt04sailev6re9s6Q,Lemon Leaf Florist
5FT8BesOYJLMDlZUOtmKtw,Clementine
BhZdvGOmHEAOJEM0-lodIA,Barton Springs Nursery
eURa2s7Y7NjclMS3rq3R7Q,Tillery Street Plant Company
boyFGQ6Y9YRP6KAae3Z4Jg,All Stems From Sophia Florist
9FvlbziwNbNjH81ViZnW8Q,Loose Leaf | Florist
0Tq0p0xGqNsVK_tHzbZa9g,Jordan Flowers & Events
AzMv7_EQD2W6rmtufjiiFw,Mc Phail Florist & Greenhouse
UvnV1m2Gmt9hmB1dQZ5DxQ,Blumen Meisters Flower Market
QRvpBf7FIn-ZR3IGgh5c-Q,Couch Potato ATX
DpGBFKNATRLZp_tSM883nQ,D.Sweetpea's Custom Floral
C0W2OujUd8zTW5tNwHdd4Q,Lee Warth Designs
XPf6Nd2hYW3LTgotRNPIfw,Exquisite Petals
Qh2VtNnAPvZAxPtlCI7Bzw,Gypsy Floral and Events
WY1NkhPHp_ZCn_j8uFNYdQ,Lakeline Florist & Gifts
cAHCnOjJemX7XgEuEmnPgw,ParkCrest Floral Design
o2ctTPl2iKzOdOkIPofQtQ,Heart & Home Flowers
ttgSmJ-gxH3lwEOoLkVHHw,CTG Floral Design & Plant Emporium
9gDJ1uZZbnv1cBYT413NLQ,Rosehip Flora
vAQJUcHP3Kwf8dBVFnoK0A,Jane Claire's Floral Designs
PXMriZLbhBsCAFaqiUqsDg,A Flower Junction
RMcXoQk540zWwwBe-K8t1w,1st Moment Flowers
2hnLMqToU3HGJTzpKQtWmw,Bloom 3D
9j0isV9YuaJdToscElJhOA,Charlotte's Fiesta Flowers
uLtazh9JFsPKgb35zGk5aA,David Kurio Designs
-QJCVBhn78pk1EBf_8-y3g,Flowers Flowers Inc
7KQJHMSGwH5uA3vejcGuyg,Flower Crown Muse
qCuoQgzagfL7WB5eu5zXrg,Bloomin Across Texas
B5z63mfHL47qJBKa6etAQA,Budaful Flowers
vc3hLcyRr7RS9SfkmVGrDw,Stems Floral Design + Event Styling
hwstXlfhDOV0XmNGMzqcIA,The Flower Girl
dxcHl17pVjen-SiHDeBiYw,The Natural Gardener
zuFWvw15icYYvvwvHlo-yQ,Tiny Bloom
p2ilOKw5ifzQ4Jdm4-NkVQ,Austin Succulents & Terrariums
dOwP8x9OJQ_8HNt03IDbhA,Marble Falls Flower & Gift Shop
E3ki0lUQs-Kli5OulhA5AA,Austin Rainbow Bouquet
ij4E6roRKm_6pgRTOKElUg,The Great Outdoors
ikBesdSrwpmmmxy2re_eWw,Sweet Magnolia Flowers & Mercantile
iuvo8RmL0EM-4NQx7Gn3wA,Flora Fetish
ESqk_vbrBHbOjathjSZ2cQ,Scent of a Bloom
IXK5BFt04sailev6re9s6Q,Lemon Leaf Florist
5FT8BesOYJLMDlZUOtmKtw,Clementine
BhZdvGOmHEAOJEM0-lodIA,Barton Springs Nursery
eURa2s7Y7NjclMS3rq3R7Q,Tillery Street Plant Company
boyFGQ6Y9YRP6KAae3Z4Jg,All Stems From Sophia Florist
9FvlbziwNbNjH81ViZnW8Q,Loose Leaf | Florist
0Tq0p0xGqNsVK_tHzbZa9g,Jordan Flowers & Events
AzMv7_EQD2W6rmtufjiiFw,Mc Phail Florist & Greenhouse
UvnV1m2Gmt9hmB1dQZ5DxQ,Blumen Meisters Flower Market
QRvpBf7FIn-ZR3IGgh5c-Q,Couch Potato ATX
DpGBFKNATRLZp_tSM883nQ,D.Sweetpea's Custom Floral
C0W2OujUd8zTW5tNwHdd4Q,Lee Warth Designs
XPf6Nd2hYW3LTgotRNPIfw,Exquisite Petals
00bMXv09fSxRfOn7vKuyAw,Water Stones
PrLuj1RMqfiA_pdm7NtRzw,Kathi Thomas Design
Po_w2urhqIvQMtLHHJ6VYA,Wild Bunches Floral
owfQO_tqOMPGVV6IwpkJJA,Sami's Flower Shop & Event Services
eD1pcddZYJS7B_1jcvmHRA,Beyond Arrangements
F-pwl7OuSAzoXGBb25m42A,Greenleaf Wholesale Florist
Dji3BmZYivyEp3I0-U5h5w,Taylor'd Flowers For You
MHBB1mDfNLoRbnvp7W9dUA,Flora Funeral Sympathy Flowers
25PQgVhhFEmFZwAavu-Z-w,Sixpence Floral Design
vNJIwgZC5zisD4a-tmKDfA,Malleret Designs
9j0isV9YuaJdToscElJhOA,Charlotte's Fiesta Flowers
uLtazh9JFsPKgb35zGk5aA,David Kurio Designs
-QJCVBhn78pk1EBf_8-y3g,Flowers Flowers Inc
7KQJHMSGwH5uA3vejcGuyg,Flower Crown Muse
qCuoQgzagfL7WB5eu5zXrg,Bloomin Across Texas
B5z63mfHL47qJBKa6etAQA,Budaful Flowers
vc3hLcyRr7RS9SfkmVGrDw,Stems Floral Design + Event Styling
hwstXlfhDOV0XmNGMzqcIA,The Flower Girl
dxcHl17pVjen-SiHDeBiYw,The Natural Gardener
zuFWvw15icYYvvwvHlo-yQ,Tiny Bloom
p2ilOKw5ifzQ4Jdm4-NkVQ,Austin Succulents & Terrariums
dOwP8x9OJQ_8HNt03IDbhA,Marble Falls Flower & Gift Shop
E3ki0lUQs-Kli5OulhA5AA,Austin Rainbow Bouquet
ij4E6roRKm_6pgRTOKElUg,The Great Outdoors
ikBesdSrwpmmmxy2re_eWw,Sweet Magnolia Flowers & Mercantile
iuvo8RmL0EM-4NQx7Gn3wA,Flora Fetish
ESqk_vbrBHbOjathjSZ2cQ,Scent of a Bloom
IXK5BFt04sailev6re9s6Q,Lemon Leaf Florist
5FT8BesOYJLMDlZUOtmKtw,Clementine
BhZdvGOmHEAOJEM0-lodIA,Barton Springs Nursery
eURa2s7Y7NjclMS3rq3R7Q,Tillery Street Plant Company
boyFGQ6Y9YRP6KAae3Z4Jg,All Stems From Sophia Florist
9FvlbziwNbNjH81ViZnW8Q,Loose Leaf | Florist
0Tq0p0xGqNsVK_tHzbZa9g,Jordan Flowers & Events
AzMv7_EQD2W6rmtufjiiFw,Mc Phail Florist & Greenhouse
UvnV1m2Gmt9hmB1dQZ5DxQ,Blumen Meisters Flower Market
QRvpBf7FIn-ZR3IGgh5c-Q,Couch Potato ATX
DpGBFKNATRLZp_tSM883nQ,D.Sweetpea's Custom Floral
C0W2OujUd8zTW5tNwHdd4Q,Lee Warth Designs
XPf6Nd2hYW3LTgotRNPIfw,Exquisite Petals
00bMXv09fSxRfOn7vKuyAw,Water Stones
PrLuj1RMqfiA_pdm7NtRzw,Kathi Thomas Design
Po_w2urhqIvQMtLHHJ6VYA,Wild Bunches Floral
owfQO_tqOMPGVV6IwpkJJA,Sami's Flower Shop & Event Services
eD1pcddZYJS7B_1jcvmHRA,Beyond Arrangements
F-pwl7OuSAzoXGBb25m42A,Greenleaf Wholesale Florist
Dji3BmZYivyEp3I0-U5h5w,Taylor'd Flowers For You
MHBB1mDfNLoRbnvp7W9dUA,Flora Funeral Sympathy Flowers
25PQgVhhFEmFZwAavu-Z-w,Sixpence Floral Design
vNJIwgZC5zisD4a-tmKDfA,Malleret Designs
oTeIQQQlgBwPIj-Fzgz3WA,Billowing Blooms
2SGEhaNmRZ5g6o_cPw7gAg,Facet Flower Shop
AbC1vGpOP3ne4x7YqgoJzA,Sledd Nursery
zdW1fkRkeJdH2k6gK26ZJQ,The Flower Haus
8kbiEQdGCHJ2nmOPaEz8sw,Garden Seventeen
w5oSSSUrS4Zav_XSWoPzJw,Cantu's Mexican Imports/Lee's Healing Center
nmJIOtVScQtqfpX9JwD6aQ,Wimberley Flower Shop
S_GK1PaZ8TsgG22l7LWPzw,Articulture Designs
asbQMXEWH2rzU6KVUNh60w,Vickery Wholesale Greenhouse
UvYxJW6Oy-047UuGgIdr_Q,Fieldling
p2ilOKw5ifzQ4Jdm4-NkVQ,Austin Succulents & Terrariums
dOwP8x9OJQ_8HNt03IDbhA,Marble Falls Flower & Gift Shop
E3ki0lUQs-Kli5OulhA5AA,Austin Rainbow Bouquet
ij4E6roRKm_6pgRTOKElUg,The Great Outdoors
ikBesdSrwpmmmxy2re_eWw,Sweet Magnolia Flowers & Mercantile
iuvo8RmL0EM-4NQx7Gn3wA,Flora Fetish
ESqk_vbrBHbOjathjSZ2cQ,Scent of a Bloom
IXK5BFt04sailev6re9s6Q,Lemon Leaf Florist
5FT8BesOYJLMDlZUOtmKtw,Clementine
BhZdvGOmHEAOJEM0-lodIA,Barton Springs Nursery
eURa2s7Y7NjclMS3rq3R7Q,Tillery Street Plant Company
boyFGQ6Y9YRP6KAae3Z4Jg,All Stems From Sophia Florist
9FvlbziwNbNjH81ViZnW8Q,Loose Leaf | Florist
0Tq0p0xGqNsVK_tHzbZa9g,Jordan Flowers & Events
AzMv7_EQD2W6rmtufjiiFw,Mc Phail Florist & Greenhouse
UvnV1m2Gmt9hmB1dQZ5DxQ,Blumen Meisters Flower Market
QRvpBf7FIn-ZR3IGgh5c-Q,Couch Potato ATX
DpGBFKNATRLZp_tSM883nQ,D.Sweetpea's Custom Floral
C0W2OujUd8zTW5tNwHdd4Q,Lee Warth Designs
XPf6Nd2hYW3LTgotRNPIfw,Exquisite Petals
00bMXv09fSxRfOn7vKuyAw,Water Stones
PrLuj1RMqfiA_pdm7NtRzw,Kathi Thomas Design
Po_w2urhqIvQMtLHHJ6VYA,Wild Bunches Floral
owfQO_tqOMPGVV6IwpkJJA,Sami's Flower Shop & Event Services
eD1pcddZYJS7B_1jcvmHRA,Beyond Arrangements
F-pwl7OuSAzoXGBb25m42A,Greenleaf Wholesale Florist
Dji3BmZYivyEp3I0-U5h5w,Taylor'd Flowers For You
MHBB1mDfNLoRbnvp7W9dUA,Flora Funeral Sympathy Flowers
25PQgVhhFEmFZwAavu-Z-w,Sixpence Floral Design
vNJIwgZC5zisD4a-tmKDfA,Malleret Designs
oTeIQQQlgBwPIj-Fzgz3WA,Billowing Blooms
2SGEhaNmRZ5g6o_cPw7gAg,Facet Flower Shop
AbC1vGpOP3ne4x7YqgoJzA,Sledd Nursery
zdW1fkRkeJdH2k6gK26ZJQ,The Flower Haus
8kbiEQdGCHJ2nmOPaEz8sw,Garden Seventeen
w5oSSSUrS4Zav_XSWoPzJw,Cantu's Mexican Imports/Lee's Healing Center
nmJIOtVScQtqfpX9JwD6aQ,Wimberley Flower Shop
S_GK1PaZ8TsgG22l7LWPzw,Articulture Designs
asbQMXEWH2rzU6KVUNh60w,Vickery Wholesale Greenhouse
UvYxJW6Oy-047UuGgIdr_Q,Fieldling
BmnMWlSpTpbnX9q0MSy8FQ,Gifts-n-Such
p3KC6hF3n9_cGaPQ60UKkA,Kids-N-Cats Unique Gifts
vnsRchKlyyETeOsm_6Crew,Bloomin Across Texas
FHmQb7J470pJex71jQv67A,Edible Arrangements
Dxdy0HH7YBycePIxTqysuA,John's Flower House
7VTs4dhS04eK0FgZCaQtKw,Romantic Florals
DqVphbkkvPb-esONtUYI0Q,Ida Mayes Floristry
CEi-6CpTRPblwR_ZRYNhtQ,Flowers by Design
vrymyZO0eqILCKCUieGLNw,Kyle Flower Shop
PfQxSW9IAnTAfENE9giNpQ,SonFlower Florist
eURa2s7Y7NjclMS3rq3R7Q,Tillery Street Plant Company
boyFGQ6Y9YRP6KAae3Z4Jg,All Stems From Sophia Florist
9FvlbziwNbNjH81ViZnW8Q,Loose Leaf | Florist
0Tq0p0xGqNsVK_tHzbZa9g,Jordan Flowers & Events
AzMv7_EQD2W6rmtufjiiFw,Mc Phail Florist & Greenhouse
UvnV1m2Gmt9hmB1dQZ5DxQ,Blumen Meisters Flower Market
QRvpBf7FIn-ZR3IGgh5c-Q,Couch Potato ATX
DpGBFKNATRLZp_tSM883nQ,D.Sweetpea's Custom Floral
C0W2OujUd8zTW5tNwHdd4Q,Lee Warth Designs
XPf6Nd2hYW3LTgotRNPIfw,Exquisite Petals
00bMXv09fSxRfOn7vKuyAw,Water Stones
PrLuj1RMqfiA_pdm7NtRzw,Kathi Thomas Design
Po_w2urhqIvQMtLHHJ6VYA,Wild Bunches Floral
owfQO_tqOMPGVV6IwpkJJA,Sami's Flower Shop & Event Services
eD1pcddZYJS7B_1jcvmHRA,Beyond Arrangements
F-pwl7OuSAzoXGBb25m42A,Greenleaf Wholesale Florist
Dji3BmZYivyEp3I0-U5h5w,Taylor'd Flowers For You
MHBB1mDfNLoRbnvp7W9dUA,Flora Funeral Sympathy Flowers
25PQgVhhFEmFZwAavu-Z-w,Sixpence Floral Design
vNJIwgZC5zisD4a-tmKDfA,Malleret Designs
oTeIQQQlgBwPIj-Fzgz3WA,Billowing Blooms
2SGEhaNmRZ5g6o_cPw7gAg,Facet Flower Shop
AbC1vGpOP3ne4x7YqgoJzA,Sledd Nursery
zdW1fkRkeJdH2k6gK26ZJQ,The Flower Haus
8kbiEQdGCHJ2nmOPaEz8sw,Garden Seventeen
w5oSSSUrS4Zav_XSWoPzJw,Cantu's Mexican Imports/Lee's Healing Center
nmJIOtVScQtqfpX9JwD6aQ,Wimberley Flower Shop
S_GK1PaZ8TsgG22l7LWPzw,Articulture Designs
asbQMXEWH2rzU6KVUNh60w,Vickery Wholesale Greenhouse
UvYxJW6Oy-047UuGgIdr_Q,Fieldling
BmnMWlSpTpbnX9q0MSy8FQ,Gifts-n-Such
p3KC6hF3n9_cGaPQ60UKkA,Kids-N-Cats Unique Gifts
vnsRchKlyyETeOsm_6Crew,Bloomin Across Texas
FHmQb7J470pJex71jQv67A,Edible Arrangements
Dxdy0HH7YBycePIxTqysuA,John's Flower House
7VTs4dhS04eK0FgZCaQtKw,Romantic Florals
DqVphbkkvPb-esONtUYI0Q,Ida Mayes Floristry
CEi-6CpTRPblwR_ZRYNhtQ,Flowers by Design
vrymyZO0eqILCKCUieGLNw,Kyle Flower Shop
PfQxSW9IAnTAfENE9giNpQ,SonFlower Florist
CNCzzP57WBaqQLt1rWnOCA,Pocket Full of Flowers
ixF30R3E025rEkVj63LdFg,ZuZu's Petals
LzIuB6ardD7km4lk5TZHEQ,Fine Feather Florals
7u2HDuMBf2TIPXwexyuSsg,Vanderkolk Florist & Sweets
FaAIGtZXj4GjCu7V3N55pA,Mariposa Floral
7ko9SGYYeQbEb9aa2MDeWg,Dream Events
bVwLV3_jjNAHtd3uel8GhQ,Flowerland
HZkKZInSakO_UZBdhMV3VQ,Heart and Home Flowers
G6BlDJc0zhPjNetsT-2CNg,Just For You
q03SnugY2u7rv_K8hYK_nw,Shoal Creek Nursery
00bMXv09fSxRfOn7vKuyAw,Water Stones
PrLuj1RMqfiA_pdm7NtRzw,Kathi Thomas Design
Po_w2urhqIvQMtLHHJ6VYA,Wild Bunches Floral
owfQO_tqOMPGVV6IwpkJJA,Sami's Flower Shop & Event Services
eD1pcddZYJS7B_1jcvmHRA,Beyond Arrangements
F-pwl7OuSAzoXGBb25m42A,Greenleaf Wholesale Florist
Dji3BmZYivyEp3I0-U5h5w,Taylor'd Flowers For You
MHBB1mDfNLoRbnvp7W9dUA,Flora Funeral Sympathy Flowers
25PQgVhhFEmFZwAavu-Z-w,Sixpence Floral Design
vNJIwgZC5zisD4a-tmKDfA,Malleret Designs
oTeIQQQlgBwPIj-Fzgz3WA,Billowing Blooms
2SGEhaNmRZ5g6o_cPw7gAg,Facet Flower Shop
AbC1vGpOP3ne4x7YqgoJzA,Sledd Nursery
zdW1fkRkeJdH2k6gK26ZJQ,The Flower Haus
8kbiEQdGCHJ2nmOPaEz8sw,Garden Seventeen
w5oSSSUrS4Zav_XSWoPzJw,Cantu's Mexican Imports/Lee's Healing Center
nmJIOtVScQtqfpX9JwD6aQ,Wimberley Flower Shop
S_GK1PaZ8TsgG22l7LWPzw,Articulture Designs
asbQMXEWH2rzU6KVUNh60w,Vickery Wholesale Greenhouse
UvYxJW6Oy-047UuGgIdr_Q,Fieldling
BmnMWlSpTpbnX9q0MSy8FQ,Gifts-n-Such
p3KC6hF3n9_cGaPQ60UKkA,Kids-N-Cats Unique Gifts
vnsRchKlyyETeOsm_6Crew,Bloomin Across Texas
FHmQb7J470pJex71jQv67A,Edible Arrangements
Dxdy0HH7YBycePIxTqysuA,John's Flower House
7VTs4dhS04eK0FgZCaQtKw,Romantic Florals
DqVphbkkvPb-esONtUYI0Q,Ida Mayes Floristry
CEi-6CpTRPblwR_ZRYNhtQ,Flowers by Design
vrymyZO0eqILCKCUieGLNw,Kyle Flower Shop
PfQxSW9IAnTAfENE9giNpQ,SonFlower Florist
CNCzzP57WBaqQLt1rWnOCA,Pocket Full of Flowers
ixF30R3E025rEkVj63LdFg,ZuZu's Petals
LzIuB6ardD7km4lk5TZHEQ,Fine Feather Florals
7u2HDuMBf2TIPXwexyuSsg,Vanderkolk Florist & Sweets
FaAIGtZXj4GjCu7V3N55pA,Mariposa Floral
7ko9SGYYeQbEb9aa2MDeWg,Dream Events
bVwLV3_jjNAHtd3uel8GhQ,Flowerland
HZkKZInSakO_UZBdhMV3VQ,Heart and Home Flowers
G6BlDJc0zhPjNetsT-2CNg,Just For You
q03SnugY2u7rv_K8hYK_nw,Shoal Creek Nursery
GYU2mMf6djLFT1GjZn1Rvw,Disch Events
VuYzOjv1w9wqW3-arnpvOg,Floral Fabulous
_82FC-UdY3XS6OmG_boLaQ,Green Planet Scapes of Austin
5zbtFWZgb2Uoa9WaoHlJ0A,Linda's Flowers & More
-rXN28OjNdHPfO_5AukK-Q,Bird Dog Wedding
kmtmY04UpdCfWz7sZI6V2w,Avas Flowers
wg5bq2HifJaxUgDhaVgm6A,Vessel and Vine
NsAqMOpFf3eCJJ3K_G_reQ,Rose's Flower Shop & Gifts
1_2hXgERIZyDiCANSRQGmw,Visual Lyrics
hmVclTeBOHEsRNt4WqgncQ,Spike Gillespie
oTeIQQQlgBwPIj-Fzgz3WA,Billowing Blooms
2SGEhaNmRZ5g6o_cPw7gAg,Facet Flower Shop
AbC1vGpOP3ne4x7YqgoJzA,Sledd Nursery
zdW1fkRkeJdH2k6gK26ZJQ,The Flower Haus
8kbiEQdGCHJ2nmOPaEz8sw,Garden Seventeen
w5oSSSUrS4Zav_XSWoPzJw,Cantu's Mexican Imports/Lee's Healing Center
nmJIOtVScQtqfpX9JwD6aQ,Wimberley Flower Shop
S_GK1PaZ8TsgG22l7LWPzw,Articulture Designs
asbQMXEWH2rzU6KVUNh60w,Vickery Wholesale Greenhouse
UvYxJW6Oy-047UuGgIdr_Q,Fieldling
BmnMWlSpTpbnX9q0MSy8FQ,Gifts-n-Such
p3KC6hF3n9_cGaPQ60UKkA,Kids-N-Cats Unique Gifts
vnsRchKlyyETeOsm_6Crew,Bloomin Across Texas
FHmQb7J470pJex71jQv67A,Edible Arrangements
Dxdy0HH7YBycePIxTqysuA,John's Flower House
7VTs4dhS04eK0FgZCaQtKw,Romantic Florals
DqVphbkkvPb-esONtUYI0Q,Ida Mayes Floristry
CEi-6CpTRPblwR_ZRYNhtQ,Flowers by Design
vrymyZO0eqILCKCUieGLNw,Kyle Flower Shop
PfQxSW9IAnTAfENE9giNpQ,SonFlower Florist
CNCzzP57WBaqQLt1rWnOCA,Pocket Full of Flowers
ixF30R3E025rEkVj63LdFg,ZuZu's Petals
LzIuB6ardD7km4lk5TZHEQ,Fine Feather Florals
7u2HDuMBf2TIPXwexyuSsg,Vanderkolk Florist & Sweets
FaAIGtZXj4GjCu7V3N55pA,Mariposa Floral
7ko9SGYYeQbEb9aa2MDeWg,Dream Events
bVwLV3_jjNAHtd3uel8GhQ,Flowerland
HZkKZInSakO_UZBdhMV3VQ,Heart and Home Flowers
G6BlDJc0zhPjNetsT-2CNg,Just For You
q03SnugY2u7rv_K8hYK_nw,Shoal Creek Nursery
GYU2mMf6djLFT1GjZn1Rvw,Disch Events
VuYzOjv1w9wqW3-arnpvOg,Floral Fabulous
_82FC-UdY3XS6OmG_boLaQ,Green Planet Scapes of Austin
5zbtFWZgb2Uoa9WaoHlJ0A,Linda's Flowers & More
-rXN28OjNdHPfO_5AukK-Q,Bird Dog Wedding
kmtmY04UpdCfWz7sZI6V2w,Avas Flowers
wg5bq2HifJaxUgDhaVgm6A,Vessel and Vine
NsAqMOpFf3eCJJ3K_G_reQ,Rose's Flower Shop & Gifts
1_2hXgERIZyDiCANSRQGmw,Visual Lyrics
hmVclTeBOHEsRNt4WqgncQ,Spike Gillespie
1d0UzvUwe6ywipSDSPC4XA,Road Side Rose Trading
MemgrppKh3IyaqFX_5W8_w,Moon Valley Nurseries
F9fLydpunk8VqOW6k-meFQ,Wild Poppy
9nAP8pEhBuT65QeFcynbfg,East Austin Succulents
ZbS1ITZY2RthiNNMOThZyQ,Prima Dora
w5sElBUlmNYVtEJOaiOfVA,A Flower Connection
-S3Mqaa4PfRQ1Fa1lYQvow,Sip and Stems
oI4q4OZ78hKLJ4cWYq3IlQ,Clearly Classy Events
NSddFd8Myl64t1C-KcyKXA,ATX Bubbles
CE6Qywv6GsXXwCFHt6friw,Dantay's Flowers & Gifts
BmnMWlSpTpbnX9q0MSy8FQ,Gifts-n-Such
p3KC6hF3n9_cGaPQ60UKkA,Kids-N-Cats Unique Gifts
vnsRchKlyyETeOsm_6Crew,Bloomin Across Texas
FHmQb7J470pJex71jQv67A,Edible Arrangements
Dxdy0HH7YBycePIxTqysuA,John's Flower House
7VTs4dhS04eK0FgZCaQtKw,Romantic Florals
DqVphbkkvPb-esONtUYI0Q,Ida Mayes Floristry
CEi-6CpTRPblwR_ZRYNhtQ,Flowers by Design
vrymyZO0eqILCKCUieGLNw,Kyle Flower Shop
PfQxSW9IAnTAfENE9giNpQ,SonFlower Florist
CNCzzP57WBaqQLt1rWnOCA,Pocket Full of Flowers
ixF30R3E025rEkVj63LdFg,ZuZu's Petals
LzIuB6ardD7km4lk5TZHEQ,Fine Feather Florals
7u2HDuMBf2TIPXwexyuSsg,Vanderkolk Florist & Sweets
FaAIGtZXj4GjCu7V3N55pA,Mariposa Floral
7ko9SGYYeQbEb9aa2MDeWg,Dream Events
bVwLV3_jjNAHtd3uel8GhQ,Flowerland
HZkKZInSakO_UZBdhMV3VQ,Heart and Home Flowers
G6BlDJc0zhPjNetsT-2CNg,Just For You
q03SnugY2u7rv_K8hYK_nw,Shoal Creek Nursery
GYU2mMf6djLFT1GjZn1Rvw,Disch Events
VuYzOjv1w9wqW3-arnpvOg,Floral Fabulous
_82FC-UdY3XS6OmG_boLaQ,Green Planet Scapes of Austin
5zbtFWZgb2Uoa9WaoHlJ0A,Linda's Flowers & More
-rXN28OjNdHPfO_5AukK-Q,Bird Dog Wedding
kmtmY04UpdCfWz7sZI6V2w,Avas Flowers
wg5bq2HifJaxUgDhaVgm6A,Vessel and Vine
NsAqMOpFf3eCJJ3K_G_reQ,Rose's Flower Shop & Gifts
1_2hXgERIZyDiCANSRQGmw,Visual Lyrics
hmVclTeBOHEsRNt4WqgncQ,Spike Gillespie
1d0UzvUwe6ywipSDSPC4XA,Road Side Rose Trading
MemgrppKh3IyaqFX_5W8_w,Moon Valley Nurseries
F9fLydpunk8VqOW6k-meFQ,Wild Poppy
9nAP8pEhBuT65QeFcynbfg,East Austin Succulents
ZbS1ITZY2RthiNNMOThZyQ,Prima Dora
w5sElBUlmNYVtEJOaiOfVA,A Flower Connection
-S3Mqaa4PfRQ1Fa1lYQvow,Sip and Stems
oI4q4OZ78hKLJ4cWYq3IlQ,Clearly Classy Events
NSddFd8Myl64t1C-KcyKXA,ATX Bubbles
CE6Qywv6GsXXwCFHt6friw,Dantay's Flowers & Gifts
ZBssgoHgDRM8d7l5tsPpzA,Casa Linda Florals
sNzQf1kN3fhsG5IGGtYesw,Yellow Umbrella Events
2vb-5slOwQBFtzSDR4CF6g,Holmstroms-Taylor Floral Company
ScwronRAzhizx9olapxkvQ,Austin Affair
ixuhPVKZN6yAObwcjArY7Q,Bon Vivant Gift Boxes
PYQwS8KcL2PsD1E4PQX5XA,Brookshire Brothers
W9wUmCZ-CsNmz40H7nh81A,Carr Butterfield
6_W4zObD62lbneAHPVBV7w,Umlauf Sculpture Garden & Museum
anqlVAdUcY6BO-2R9mWjKA,Black Orchid Floral Design
EhvJC6vDXNob7Rlu70owwQ,Peonies + Lace Weddings
CNCzzP57WBaqQLt1rWnOCA,Pocket Full of Flowers
ixF30R3E025rEkVj63LdFg,ZuZu's Petals
LzIuB6ardD7km4lk5TZHEQ,Fine Feather Florals
7u2HDuMBf2TIPXwexyuSsg,Vanderkolk Florist & Sweets
FaAIGtZXj4GjCu7V3N55pA,Mariposa Floral
7ko9SGYYeQbEb9aa2MDeWg,Dream Events
bVwLV3_jjNAHtd3uel8GhQ,Flowerland
HZkKZInSakO_UZBdhMV3VQ,Heart and Home Flowers
G6BlDJc0zhPjNetsT-2CNg,Just For You
q03SnugY2u7rv_K8hYK_nw,Shoal Creek Nursery
GYU2mMf6djLFT1GjZn1Rvw,Disch Events
VuYzOjv1w9wqW3-arnpvOg,Floral Fabulous
_82FC-UdY3XS6OmG_boLaQ,Green Planet Scapes of Austin
5zbtFWZgb2Uoa9WaoHlJ0A,Linda's Flowers & More
-rXN28OjNdHPfO_5AukK-Q,Bird Dog Wedding
kmtmY04UpdCfWz7sZI6V2w,Avas Flowers
wg5bq2HifJaxUgDhaVgm6A,Vessel and Vine
NsAqMOpFf3eCJJ3K_G_reQ,Rose's Flower Shop & Gifts
1_2hXgERIZyDiCANSRQGmw,Visual Lyrics
hmVclTeBOHEsRNt4WqgncQ,Spike Gillespie
1d0UzvUwe6ywipSDSPC4XA,Road Side Rose Trading
MemgrppKh3IyaqFX_5W8_w,Moon Valley Nurseries
F9fLydpunk8VqOW6k-meFQ,Wild Poppy
9nAP8pEhBuT65QeFcynbfg,East Austin Succulents
ZbS1ITZY2RthiNNMOThZyQ,Prima Dora
w5sElBUlmNYVtEJOaiOfVA,A Flower Connection
-S3Mqaa4PfRQ1Fa1lYQvow,Sip and Stems
oI4q4OZ78hKLJ4cWYq3IlQ,Clearly Classy Events
NSddFd8Myl64t1C-KcyKXA,ATX Bubbles
CE6Qywv6GsXXwCFHt6friw,Dantay's Flowers & Gifts
ZBssgoHgDRM8d7l5tsPpzA,Casa Linda Florals
sNzQf1kN3fhsG5IGGtYesw,Yellow Umbrella Events
2vb-5slOwQBFtzSDR4CF6g,Holmstroms-Taylor Floral Company
ScwronRAzhizx9olapxkvQ,Austin Affair
ixuhPVKZN6yAObwcjArY7Q,Bon Vivant Gift Boxes
PYQwS8KcL2PsD1E4PQX5XA,Brookshire Brothers
W9wUmCZ-CsNmz40H7nh81A,Carr Butterfield
6_W4zObD62lbneAHPVBV7w,Umlauf Sculpture Garden & Museum
anqlVAdUcY6BO-2R9mWjKA,Black Orchid Floral Design
EhvJC6vDXNob7Rlu70owwQ,Peonies + Lace Weddings
VYxDJN1kxZI7aHGKpBLurw,Blanton Floral
sLdYUSySoIJTPak48a0t7Q,Something To Celebrate
74UbavScNcAHXqZfdXAoNw,Balloons 'N' Smiles
rywGDbdr9y-i_vd-lurFXQ,Same Day Flower Delivery
PVFSnG0cfR1HRbApFw56fw,Peekaboo Blooms
WA7lbMHVKrqPOyNCdPhivw,Prive Floral
h9ewTG5ORnwMEr38Dk6-3Q,Wildflowers & Whiskey Events
6SVenkNFABCWaGR69a_I0g,Bloom and Leaf
_4EUBrLpONGP3jysOmb67Q,Black Petal Floral Design
sMHWpHV085rITlgJc1X71g,Northwest Hills At Davenport
GYU2mMf6djLFT1GjZn1Rvw,Disch Events
VuYzOjv1w9wqW3-arnpvOg,Floral Fabulous
_82FC-UdY3XS6OmG_boLaQ,Green Planet Scapes of Austin
5zbtFWZgb2Uoa9WaoHlJ0A,Linda's Flowers & More
-rXN28OjNdHPfO_5AukK-Q,Bird Dog Wedding
kmtmY04UpdCfWz7sZI6V2w,Avas Flowers
wg5bq2HifJaxUgDhaVgm6A,Vessel and Vine
NsAqMOpFf3eCJJ3K_G_reQ,Rose's Flower Shop & Gifts
1_2hXgERIZyDiCANSRQGmw,Visual Lyrics
hmVclTeBOHEsRNt4WqgncQ,Spike Gillespie
1d0UzvUwe6ywipSDSPC4XA,Road Side Rose Trading
MemgrppKh3IyaqFX_5W8_w,Moon Valley Nurseries
F9fLydpunk8VqOW6k-meFQ,Wild Poppy
9nAP8pEhBuT65QeFcynbfg,East Austin Succulents
ZbS1ITZY2RthiNNMOThZyQ,Prima Dora
w5sElBUlmNYVtEJOaiOfVA,A Flower Connection
-S3Mqaa4PfRQ1Fa1lYQvow,Sip and Stems
oI4q4OZ78hKLJ4cWYq3IlQ,Clearly Classy Events
NSddFd8Myl64t1C-KcyKXA,ATX Bubbles
CE6Qywv6GsXXwCFHt6friw,Dantay's Flowers & Gifts
ZBssgoHgDRM8d7l5tsPpzA,Casa Linda Florals
sNzQf1kN3fhsG5IGGtYesw,Yellow Umbrella Events
2vb-5slOwQBFtzSDR4CF6g,Holmstroms-Taylor Floral Company
ScwronRAzhizx9olapxkvQ,Austin Affair
ixuhPVKZN6yAObwcjArY7Q,Bon Vivant Gift Boxes
PYQwS8KcL2PsD1E4PQX5XA,Brookshire Brothers
W9wUmCZ-CsNmz40H7nh81A,Carr Butterfield
6_W4zObD62lbneAHPVBV7w,Umlauf Sculpture Garden & Museum
anqlVAdUcY6BO-2R9mWjKA,Black Orchid Floral Design
EhvJC6vDXNob7Rlu70owwQ,Peonies + Lace Weddings
VYxDJN1kxZI7aHGKpBLurw,Blanton Floral
sLdYUSySoIJTPak48a0t7Q,Something To Celebrate
74UbavScNcAHXqZfdXAoNw,Balloons 'N' Smiles
rywGDbdr9y-i_vd-lurFXQ,Same Day Flower Delivery
PVFSnG0cfR1HRbApFw56fw,Peekaboo Blooms
WA7lbMHVKrqPOyNCdPhivw,Prive Floral
h9ewTG5ORnwMEr38Dk6-3Q,Wildflowers & Whiskey Events
6SVenkNFABCWaGR69a_I0g,Bloom and Leaf
_4EUBrLpONGP3jysOmb67Q,Black Petal Floral Design
sMHWpHV085rITlgJc1X71g,Northwest Hills At Davenport
MFzAY8OVkq2kWXd9OyNWuA,Jenna Neal Designs
7BYoUAMns05in6aC5rm_Iw,CLINK
sj4widXCfu5SIg7isHfPHA,Hyde Park Weddings
PlpRoQW9QvAVy4r2v_NSPw,Callahan’s General Store
TKDsWRPHjReQHAcP4hIbaQ,Highland Avenue Events
NQ6pzFywNt3F8H5c_DNNzg,Ten Thousand Pots
eVKbmBYQ3EjzUq8aIVFXYA,Creative Balloon Entertainment
cQBqnV-xiAz1VDVL2FMF9w,Wow Factor Floral
jGuKvat6sca3atLc66rXMA,Zilker Botanical Gardens
AhwMojdCflguhb_YjCLzSw,620 Florist
1d0UzvUwe6ywipSDSPC4XA,Road Side Rose Trading
MemgrppKh3IyaqFX_5W8_w,Moon Valley Nurseries
F9fLydpunk8VqOW6k-meFQ,Wild Poppy
9nAP8pEhBuT65QeFcynbfg,East Austin Succulents
ZbS1ITZY2RthiNNMOThZyQ,Prima Dora
w5sElBUlmNYVtEJOaiOfVA,A Flower Connection
-S3Mqaa4PfRQ1Fa1lYQvow,Sip and Stems
oI4q4OZ78hKLJ4cWYq3IlQ,Clearly Classy Events
NSddFd8Myl64t1C-KcyKXA,ATX Bubbles
CE6Qywv6GsXXwCFHt6friw,Dantay's Flowers & Gifts
ZBssgoHgDRM8d7l5tsPpzA,Casa Linda Florals
sNzQf1kN3fhsG5IGGtYesw,Yellow Umbrella Events
2vb-5slOwQBFtzSDR4CF6g,Holmstroms-Taylor Floral Company
ScwronRAzhizx9olapxkvQ,Austin Affair
ixuhPVKZN6yAObwcjArY7Q,Bon Vivant Gift Boxes
PYQwS8KcL2PsD1E4PQX5XA,Brookshire Brothers
W9wUmCZ-CsNmz40H7nh81A,Carr Butterfield
6_W4zObD62lbneAHPVBV7w,Umlauf Sculpture Garden & Museum
anqlVAdUcY6BO-2R9mWjKA,Black Orchid Floral Design
EhvJC6vDXNob7Rlu70owwQ,Peonies + Lace Weddings
VYxDJN1kxZI7aHGKpBLurw,Blanton Floral
sLdYUSySoIJTPak48a0t7Q,Something To Celebrate
74UbavScNcAHXqZfdXAoNw,Balloons 'N' Smiles
rywGDbdr9y-i_vd-lurFXQ,Same Day Flower Delivery
PVFSnG0cfR1HRbApFw56fw,Peekaboo Blooms
WA7lbMHVKrqPOyNCdPhivw,Prive Floral
h9ewTG5ORnwMEr38Dk6-3Q,Wildflowers & Whiskey Events
6SVenkNFABCWaGR69a_I0g,Bloom and Leaf
_4EUBrLpONGP3jysOmb67Q,Black Petal Floral Design
sMHWpHV085rITlgJc1X71g,Northwest Hills At Davenport
MFzAY8OVkq2kWXd9OyNWuA,Jenna Neal Designs
7BYoUAMns05in6aC5rm_Iw,CLINK
sj4widXCfu5SIg7isHfPHA,Hyde Park Weddings
PlpRoQW9QvAVy4r2v_NSPw,Callahan’s General Store
TKDsWRPHjReQHAcP4hIbaQ,Highland Avenue Events
NQ6pzFywNt3F8H5c_DNNzg,Ten Thousand Pots
eVKbmBYQ3EjzUq8aIVFXYA,Creative Balloon Entertainment
cQBqnV-xiAz1VDVL2FMF9w,Wow Factor Floral
jGuKvat6sca3atLc66rXMA,Zilker Botanical Gardens
AhwMojdCflguhb_YjCLzSw,620 Florist
_jtIYkTQqvJcnJ5fwjYKQw,Just' in Roses Wedding Floral
V5xrx_fvFOBvHrf_sN6gug,Vivero Growers Nursery
PIPtHLlGCPOSxS-kF-TyIQ,Field To Vase Wedding Florist
wBXqgQbxVCDvykMSpw3aJg,"Your Wedding, Your Way"
w948ZQqQstK-zfhbMSF95Q,Geo Growers
OmX0YPvioPr4VN9w9SmE9g,Bloomers Garden Center
oiormsoW0Q055eIqGEIMLQ,Edible Arrangements
ea5gZBRlwKY_84aKAcjfOw,Brenda Abbott Floral Design
87Ge54UVMXs3VdQOToOHSw,Green 'n Growing
yfIPQqUb_Lfbc6wRovpL3g,Lady Bird Johnson Wildflower Center
ZBssgoHgDRM8d7l5tsPpzA,Casa Linda Florals
sNzQf1kN3fhsG5IGGtYesw,Yellow Umbrella Events
2vb-5slOwQBFtzSDR4CF6g,Holmstroms-Taylor Floral Company
ScwronRAzhizx9olapxkvQ,Austin Affair
ixuhPVKZN6yAObwcjArY7Q,Bon Vivant Gift Boxes
PYQwS8KcL2PsD1E4PQX5XA,Brookshire Brothers
W9wUmCZ-CsNmz40H7nh81A,Carr Butterfield
6_W4zObD62lbneAHPVBV7w,Umlauf Sculpture Garden & Museum
anqlVAdUcY6BO-2R9mWjKA,Black Orchid Floral Design
EhvJC6vDXNob7Rlu70owwQ,Peonies + Lace Weddings
VYxDJN1kxZI7aHGKpBLurw,Blanton Floral
sLdYUSySoIJTPak48a0t7Q,Something To Celebrate
74UbavScNcAHXqZfdXAoNw,Balloons 'N' Smiles
rywGDbdr9y-i_vd-lurFXQ,Same Day Flower Delivery
PVFSnG0cfR1HRbApFw56fw,Peekaboo Blooms
WA7lbMHVKrqPOyNCdPhivw,Prive Floral
h9ewTG5ORnwMEr38Dk6-3Q,Wildflowers & Whiskey Events
6SVenkNFABCWaGR69a_I0g,Bloom and Leaf
_4EUBrLpONGP3jysOmb67Q,Black Petal Floral Design
sMHWpHV085rITlgJc1X71g,Northwest Hills At Davenport
MFzAY8OVkq2kWXd9OyNWuA,Jenna Neal Designs
7BYoUAMns05in6aC5rm_Iw,CLINK
sj4widXCfu5SIg7isHfPHA,Hyde Park Weddings
PlpRoQW9QvAVy4r2v_NSPw,Callahan’s General Store
TKDsWRPHjReQHAcP4hIbaQ,Highland Avenue Events
NQ6pzFywNt3F8H5c_DNNzg,Ten Thousand Pots
eVKbmBYQ3EjzUq8aIVFXYA,Creative Balloon Entertainment
cQBqnV-xiAz1VDVL2FMF9w,Wow Factor Floral
jGuKvat6sca3atLc66rXMA,Zilker Botanical Gardens
AhwMojdCflguhb_YjCLzSw,620 Florist
_jtIYkTQqvJcnJ5fwjYKQw,Just' in Roses Wedding Floral
V5xrx_fvFOBvHrf_sN6gug,Vivero Growers Nursery
PIPtHLlGCPOSxS-kF-TyIQ,Field To Vase Wedding Florist
wBXqgQbxVCDvykMSpw3aJg,"Your Wedding, Your Way"
w948ZQqQstK-zfhbMSF95Q,Geo Growers
OmX0YPvioPr4VN9w9SmE9g,Bloomers Garden Center
oiormsoW0Q055eIqGEIMLQ,Edible Arrangements
ea5gZBRlwKY_84aKAcjfOw,Brenda Abbott Floral Design
87Ge54UVMXs3VdQOToOHSw,Green 'n Growing
yfIPQqUb_Lfbc6wRovpL3g,Lady Bird Johnson Wildflower Center
A7PFMO2UDuquB8Jn3XhBFg,Bella by Sara
5k4BnnQK-tS6MvfVOhksXA,Dee's Boutique & Florist
Kk2qh5eBuLnYloVYmZGFJA,The Nouveau Romantics
kg6k8LI4z51TI7kzDnc_mQ,Treasured Blossoms Floral and Event Design
Md0CxmcawDQBtUwr_mI9iw,Austin Occasions
7yd74X_nyVXpud_xf46H4Q,Sunshine Garden
8q5W697uhUfU9BLOi-21hg,Events by DECISIONS
HiUt7pEU5z4G-B5ohENjzQ,WhiteCurtin Design
8jOP0r2NPF9hidrLbzu7qA,Silly Sparkles
8J1DEeFLR8WFU9qADz4dng,Daisies & Daffodils
VYxDJN1kxZI7aHGKpBLurw,Blanton Floral
sLdYUSySoIJTPak48a0t7Q,Something To Celebrate
74UbavScNcAHXqZfdXAoNw,Balloons 'N' Smiles
rywGDbdr9y-i_vd-lurFXQ,Same Day Flower Delivery
PVFSnG0cfR1HRbApFw56fw,Peekaboo Blooms
WA7lbMHVKrqPOyNCdPhivw,Prive Floral
h9ewTG5ORnwMEr38Dk6-3Q,Wildflowers & Whiskey Events
6SVenkNFABCWaGR69a_I0g,Bloom and Leaf
_4EUBrLpONGP3jysOmb67Q,Black Petal Floral Design
sMHWpHV085rITlgJc1X71g,Northwest Hills At Davenport
MFzAY8OVkq2kWXd9OyNWuA,Jenna Neal Designs
7BYoUAMns05in6aC5rm_Iw,CLINK
sj4widXCfu5SIg7isHfPHA,Hyde Park Weddings
PlpRoQW9QvAVy4r2v_NSPw,Callahan’s General Store
TKDsWRPHjReQHAcP4hIbaQ,Highland Avenue Events
NQ6pzFywNt3F8H5c_DNNzg,Ten Thousand Pots
eVKbmBYQ3EjzUq8aIVFXYA,Creative Balloon Entertainment
cQBqnV-xiAz1VDVL2FMF9w,Wow Factor Floral
jGuKvat6sca3atLc66rXMA,Zilker Botanical Gardens
AhwMojdCflguhb_YjCLzSw,620 Florist
_jtIYkTQqvJcnJ5fwjYKQw,Just' in Roses Wedding Floral
V5xrx_fvFOBvHrf_sN6gug,Vivero Growers Nursery
PIPtHLlGCPOSxS-kF-TyIQ,Field To Vase Wedding Florist
wBXqgQbxVCDvykMSpw3aJg,"Your Wedding, Your Way"
w948ZQqQstK-zfhbMSF95Q,Geo Growers
OmX0YPvioPr4VN9w9SmE9g,Bloomers Garden Center
oiormsoW0Q055eIqGEIMLQ,Edible Arrangements
ea5gZBRlwKY_84aKAcjfOw,Brenda Abbott Floral Design
87Ge54UVMXs3VdQOToOHSw,Green 'n Growing
yfIPQqUb_Lfbc6wRovpL3g,Lady Bird Johnson Wildflower Center
A7PFMO2UDuquB8Jn3XhBFg,Bella by Sara
5k4BnnQK-tS6MvfVOhksXA,Dee's Boutique & Florist
Kk2qh5eBuLnYloVYmZGFJA,The Nouveau Romantics
kg6k8LI4z51TI7kzDnc_mQ,Treasured Blossoms Floral and Event Design
Md0CxmcawDQBtUwr_mI9iw,Austin Occasions
7yd74X_nyVXpud_xf46H4Q,Sunshine Garden
8q5W697uhUfU9BLOi-21hg,Events by DECISIONS
HiUt7pEU5z4G-B5ohENjzQ,WhiteCurtin Design
8jOP0r2NPF9hidrLbzu7qA,Silly Sparkles
8J1DEeFLR8WFU9qADz4dng,Daisies & Daffodils
nvwTiVdjvMk6LwljFe6RBw,Bricolage Curated Florals
TujxYXF6IFsVKY7GagGbZA,Burlap and Rose Wedding Planning
jsE7vFza6tJtq2y96Poopw,Garden of the Ancients
9lcfxkmS_CUH2xqoXZ2rBw,Trim & Proper Mowing and Landscaping
tm3GPKPWwMdBPw2jzirExg,Red Barn Garden Center
KmGkB_EOHf_cN91nUCQZlg,Bastrop Botanical Gardens
ZGyzmSw21fh9J_QquFrTHw,Austin Event Angels
Ag_CR6rA7WUmFEUnfuHhUQ,Edible Arrangements
DnbyiKmVP-tiH42uveMRXQ,The Home Depot
bEfxzyMHWz7sQTkHz_V-kw,Desk Plants
MFzAY8OVkq2kWXd9OyNWuA,Jenna Neal Designs
7BYoUAMns05in6aC5rm_Iw,CLINK
sj4widXCfu5SIg7isHfPHA,Hyde Park Weddings
PlpRoQW9QvAVy4r2v_NSPw,Callahan’s General Store
TKDsWRPHjReQHAcP4hIbaQ,Highland Avenue Events
NQ6pzFywNt3F8H5c_DNNzg,Ten Thousand Pots
eVKbmBYQ3EjzUq8aIVFXYA,Creative Balloon Entertainment
cQBqnV-xiAz1VDVL2FMF9w,Wow Factor Floral
jGuKvat6sca3atLc66rXMA,Zilker Botanical Gardens
AhwMojdCflguhb_YjCLzSw,620 Florist
_jtIYkTQqvJcnJ5fwjYKQw,Just' in Roses Wedding Floral
V5xrx_fvFOBvHrf_sN6gug,Vivero Growers Nursery
PIPtHLlGCPOSxS-kF-TyIQ,Field To Vase Wedding Florist
wBXqgQbxVCDvykMSpw3aJg,"Your Wedding, Your Way"
w948ZQqQstK-zfhbMSF95Q,Geo Growers
OmX0YPvioPr4VN9w9SmE9g,Bloomers Garden Center
oiormsoW0Q055eIqGEIMLQ,Edible Arrangements
ea5gZBRlwKY_84aKAcjfOw,Brenda Abbott Floral Design
87Ge54UVMXs3VdQOToOHSw,Green 'n Growing
yfIPQqUb_Lfbc6wRovpL3g,Lady Bird Johnson Wildflower Center
A7PFMO2UDuquB8Jn3XhBFg,Bella by Sara
5k4BnnQK-tS6MvfVOhksXA,Dee's Boutique & Florist
Kk2qh5eBuLnYloVYmZGFJA,The Nouveau Romantics
kg6k8LI4z51TI7kzDnc_mQ,Treasured Blossoms Floral and Event Design
Md0CxmcawDQBtUwr_mI9iw,Austin Occasions
7yd74X_nyVXpud_xf46H4Q,Sunshine Garden
8q5W697uhUfU9BLOi-21hg,Events by DECISIONS
HiUt7pEU5z4G-B5ohENjzQ,WhiteCurtin Design
8jOP0r2NPF9hidrLbzu7qA,Silly Sparkles
8J1DEeFLR8WFU9qADz4dng,Daisies & Daffodils
nvwTiVdjvMk6LwljFe6RBw,Bricolage Curated Florals
TujxYXF6IFsVKY7GagGbZA,Burlap and Rose Wedding Planning
jsE7vFza6tJtq2y96Poopw,Garden of the Ancients
9lcfxkmS_CUH2xqoXZ2rBw,Trim & Proper Mowing and Landscaping
tm3GPKPWwMdBPw2jzirExg,Red Barn Garden Center
KmGkB_EOHf_cN91nUCQZlg,Bastrop Botanical Gardens
ZGyzmSw21fh9J_QquFrTHw,Austin Event Angels
Ag_CR6rA7WUmFEUnfuHhUQ,Edible Arrangements
DnbyiKmVP-tiH42uveMRXQ,The Home Depot
bEfxzyMHWz7sQTkHz_V-kw,Desk Plants
1xeSzzChvPRFZN8HI2scow,Bride's Best Friend
Fi9QiJMK67ZSuIeORziedw,Creative Petal Designs-Cheryl Vaughan
rIDtRGyljpZhGlqSPiqpWQ,Allison's Events By Michelle
dIo81kIE0fT96yUlxaN_TA,Beau's Flower Child
PAQXPBmobEhZulpUNRwN-w,"Advanced Organic Materials ""The Dirt Girl"""
Uxgg-LjZ8HszGsJLo5EgYA,Hermanas Event & Wedding Consulting Services
o5Xk1xk2hCTmwlh75JWAKQ,Austintatious Events
NaMqfFRiME7Kxhv4U5NnTg,Hill Country Water Gardens & Nursery
giqrOhYFTVE3iZfxQ2Pvtw,Elope in Austin
72frski7INd_vNMzwu8rhQ,The Paper + Craft Pantry
_jtIYkTQqvJcnJ5fwjYKQw,Just' in Roses Wedding Floral
V5xrx_fvFOBvHrf_sN6gug,Vivero Growers Nursery
PIPtHLlGCPOSxS-kF-TyIQ,Field To Vase Wedding Florist
wBXqgQbxVCDvykMSpw3aJg,"Your Wedding, Your Way"
w948ZQqQstK-zfhbMSF95Q,Geo Growers
OmX0YPvioPr4VN9w9SmE9g,Bloomers Garden Center
oiormsoW0Q055eIqGEIMLQ,Edible Arrangements
ea5gZBRlwKY_84aKAcjfOw,Brenda Abbott Floral Design
87Ge54UVMXs3VdQOToOHSw,Green 'n Growing
yfIPQqUb_Lfbc6wRovpL3g,Lady Bird Johnson Wildflower Center
A7PFMO2UDuquB8Jn3XhBFg,Bella by Sara
5k4BnnQK-tS6MvfVOhksXA,Dee's Boutique & Florist
Kk2qh5eBuLnYloVYmZGFJA,The Nouveau Romantics
kg6k8LI4z51TI7kzDnc_mQ,Treasured Blossoms Floral and Event Design
Md0CxmcawDQBtUwr_mI9iw,Austin Occasions
7yd74X_nyVXpud_xf46H4Q,Sunshine Garden
8q5W697uhUfU9BLOi-21hg,Events by DECISIONS
HiUt7pEU5z4G-B5ohENjzQ,WhiteCurtin Design
8jOP0r2NPF9hidrLbzu7qA,Silly Sparkles
8J1DEeFLR8WFU9qADz4dng,Daisies & Daffodils
nvwTiVdjvMk6LwljFe6RBw,Bricolage Curated Florals
TujxYXF6IFsVKY7GagGbZA,Burlap and Rose Wedding Planning
jsE7vFza6tJtq2y96Poopw,Garden of the Ancients
9lcfxkmS_CUH2xqoXZ2rBw,Trim & Proper Mowing and Landscaping
tm3GPKPWwMdBPw2jzirExg,Red Barn Garden Center
KmGkB_EOHf_cN91nUCQZlg,Bastrop Botanical Gardens
ZGyzmSw21fh9J_QquFrTHw,Austin Event Angels
Ag_CR6rA7WUmFEUnfuHhUQ,Edible Arrangements
DnbyiKmVP-tiH42uveMRXQ,The Home Depot
bEfxzyMHWz7sQTkHz_V-kw,Desk Plants
1xeSzzChvPRFZN8HI2scow,Bride's Best Friend
Fi9QiJMK67ZSuIeORziedw,Creative Petal Designs-Cheryl Vaughan
rIDtRGyljpZhGlqSPiqpWQ,Allison's Events By Michelle
dIo81kIE0fT96yUlxaN_TA,Beau's Flower Child
PAQXPBmobEhZulpUNRwN-w,"Advanced Organic Materials ""The Dirt Girl"""
Uxgg-LjZ8HszGsJLo5EgYA,Hermanas Event & Wedding Consulting Services
o5Xk1xk2hCTmwlh75JWAKQ,Austintatious Events
NaMqfFRiME7Kxhv4U5NnTg,Hill Country Water Gardens & Nursery
giqrOhYFTVE3iZfxQ2Pvtw,Elope in Austin
72frski7INd_vNMzwu8rhQ,The Paper + Craft Pantry
QTtmKl4Oku2elYeTrxxh_Q,Hope Valley Tree Farm
EerjpT8NqM-1lRz1gddehQ,Global Flowers 2 You
FyeT8IvWsYAZDJlKw_lLJA,Kitsch Event Styling
ZsDFA_v_9FxQo-o1KaflrA,Rock N Dirt Yard
i0aAbLIr3L7jvZ57ZOVZsw,Memory Lane Event Center
83bxH4FdO8p6rNN-_Abawg,Vintage & Lace Weddings
-MkbRsq8s1DN7YETcUKNoQ,Barbara's Brides
v4DBysu-hd4AkIybRwKiGw,Brock + Co. Events
lCD471-ItlB4MCnogLY98g,The Tree Man
RLZqKONtuJHDJKlmjPaGtQ,The Contemporary Austin - Laguna Gloria
A7PFMO2UDuquB8Jn3XhBFg,Bella by Sara
5k4BnnQK-tS6MvfVOhksXA,Dee's Boutique & Florist
Kk2qh5eBuLnYloVYmZGFJA,The Nouveau Romantics
kg6k8LI4z51TI7kzDnc_mQ,Treasured Blossoms Floral and Event Design
Md0CxmcawDQBtUwr_mI9iw,Austin Occasions
7yd74X_nyVXpud_xf46H4Q,Sunshine Garden
8q5W697uhUfU9BLOi-21hg,Events by DECISIONS
HiUt7pEU5z4G-B5ohENjzQ,WhiteCurtin Design
8jOP0r2NPF9hidrLbzu7qA,Silly Sparkles
8J1DEeFLR8WFU9qADz4dng,Daisies & Daffodils
nvwTiVdjvMk6LwljFe6RBw,Bricolage Curated Florals
TujxYXF6IFsVKY7GagGbZA,Burlap and Rose Wedding Planning
jsE7vFza6tJtq2y96Poopw,Garden of the Ancients
9lcfxkmS_CUH2xqoXZ2rBw,Trim & Proper Mowing and Landscaping
tm3GPKPWwMdBPw2jzirExg,Red Barn Garden Center
KmGkB_EOHf_cN91nUCQZlg,Bastrop Botanical Gardens
ZGyzmSw21fh9J_QquFrTHw,Austin Event Angels
Ag_CR6rA7WUmFEUnfuHhUQ,Edible Arrangements
DnbyiKmVP-tiH42uveMRXQ,The Home Depot
bEfxzyMHWz7sQTkHz_V-kw,Desk Plants
1xeSzzChvPRFZN8HI2scow,Bride's Best Friend
Fi9QiJMK67ZSuIeORziedw,Creative Petal Designs-Cheryl Vaughan
rIDtRGyljpZhGlqSPiqpWQ,Allison's Events By Michelle
dIo81kIE0fT96yUlxaN_TA,Beau's Flower Child
PAQXPBmobEhZulpUNRwN-w,"Advanced Organic Materials ""The Dirt Girl"""
Uxgg-LjZ8HszGsJLo5EgYA,Hermanas Event & Wedding Consulting Services
o5Xk1xk2hCTmwlh75JWAKQ,Austintatious Events
NaMqfFRiME7Kxhv4U5NnTg,Hill Country Water Gardens & Nursery
giqrOhYFTVE3iZfxQ2Pvtw,Elope in Austin
72frski7INd_vNMzwu8rhQ,The Paper + Craft Pantry
QTtmKl4Oku2elYeTrxxh_Q,Hope Valley Tree Farm
EerjpT8NqM-1lRz1gddehQ,Global Flowers 2 You
FyeT8IvWsYAZDJlKw_lLJA,Kitsch Event Styling
ZsDFA_v_9FxQo-o1KaflrA,Rock N Dirt Yard
i0aAbLIr3L7jvZ57ZOVZsw,Memory Lane Event Center
83bxH4FdO8p6rNN-_Abawg,Vintage & Lace Weddings
-MkbRsq8s1DN7YETcUKNoQ,Barbara's Brides
v4DBysu-hd4AkIybRwKiGw,Brock + Co. Events
lCD471-ItlB4MCnogLY98g,The Tree Man
RLZqKONtuJHDJKlmjPaGtQ,The Contemporary Austin - Laguna Gloria
2A6pFLrFvFqu0f5VKVojzg,"Stop, Shop & Smile"
RPq78HQFRP2bYXQn3W7PbA,Edible Arrangements
WqeDes8OK1NAr9p2zuuhGQ,F&F Balloons
IBOu4xGNezWHmi800-ZE1w,Whim Hospitality
dmoFgC4ElH05mNgKhkFugQ,See's Candies
jWfY4-3SeN3kkn9kyumomw,Design by Sage
8CXinfJp8JBCUkjyDx-71Q,Amy Florist
_UHivGCQpTY73HGpE1Lyfg,Sterling Events
LkgcURbJNWQfVRJ6WZCAWQ,Miss Jellybean
d-uvsMYr_8RmHXMqzRsxSw,Snooper's Nursery
nvwTiVdjvMk6LwljFe6RBw,Bricolage Curated Florals
TujxYXF6IFsVKY7GagGbZA,Burlap and Rose Wedding Planning
jsE7vFza6tJtq2y96Poopw,Garden of the Ancients
9lcfxkmS_CUH2xqoXZ2rBw,Trim & Proper Mowing and Landscaping
tm3GPKPWwMdBPw2jzirExg,Red Barn Garden Center
KmGkB_EOHf_cN91nUCQZlg,Bastrop Botanical Gardens
ZGyzmSw21fh9J_QquFrTHw,Austin Event Angels
Ag_CR6rA7WUmFEUnfuHhUQ,Edible Arrangements
DnbyiKmVP-tiH42uveMRXQ,The Home Depot
bEfxzyMHWz7sQTkHz_V-kw,Desk Plants
1xeSzzChvPRFZN8HI2scow,Bride's Best Friend
Fi9QiJMK67ZSuIeORziedw,Creative Petal Designs-Cheryl Vaughan
rIDtRGyljpZhGlqSPiqpWQ,Allison's Events By Michelle
dIo81kIE0fT96yUlxaN_TA,Beau's Flower Child
PAQXPBmobEhZulpUNRwN-w,"Advanced Organic Materials ""The Dirt Girl"""
Uxgg-LjZ8HszGsJLo5EgYA,Hermanas Event & Wedding Consulting Services
o5Xk1xk2hCTmwlh75JWAKQ,Austintatious Events
NaMqfFRiME7Kxhv4U5NnTg,Hill Country Water Gardens & Nursery
giqrOhYFTVE3iZfxQ2Pvtw,Elope in Austin
72frski7INd_vNMzwu8rhQ,The Paper + Craft Pantry
QTtmKl4Oku2elYeTrxxh_Q,Hope Valley Tree Farm
EerjpT8NqM-1lRz1gddehQ,Global Flowers 2 You
FyeT8IvWsYAZDJlKw_lLJA,Kitsch Event Styling
ZsDFA_v_9FxQo-o1KaflrA,Rock N Dirt Yard
i0aAbLIr3L7jvZ57ZOVZsw,Memory Lane Event Center
83bxH4FdO8p6rNN-_Abawg,Vintage & Lace Weddings
-MkbRsq8s1DN7YETcUKNoQ,Barbara's Brides
v4DBysu-hd4AkIybRwKiGw,Brock + Co. Events
lCD471-ItlB4MCnogLY98g,The Tree Man
RLZqKONtuJHDJKlmjPaGtQ,The Contemporary Austin - Laguna Gloria
2A6pFLrFvFqu0f5VKVojzg,"Stop, Shop & Smile"
RPq78HQFRP2bYXQn3W7PbA,Edible Arrangements
WqeDes8OK1NAr9p2zuuhGQ,F&F Balloons
IBOu4xGNezWHmi800-ZE1w,Whim Hospitality
dmoFgC4ElH05mNgKhkFugQ,See's Candies
jWfY4-3SeN3kkn9kyumomw,Design by Sage
8CXinfJp8JBCUkjyDx-71Q,Amy Florist
_UHivGCQpTY73HGpE1Lyfg,Sterling Events
LkgcURbJNWQfVRJ6WZCAWQ,Miss Jellybean
d-uvsMYr_8RmHXMqzRsxSw,Snooper's Nursery
4rLYklHQ0J4lghjf60GIZg,Bridal Extravaganza
We9eqNUOeArlEYPnE9yJBA,Shop 1431
ybAewjE41HlwUys_6vOq1g,The Yard Whisperer
e02P7vu7SApBPwgBGqV7Xg,Wimberley Gardens
xpp6PefRj4SEvFJde1y6PA,Round Rock Gardens
GGkVXGmjcsY6odDFj81_1w,Balloon People
Iv7EFJoT2ZiGgVLyjc9lwg,The Home Depot
81sZ88IMhAolqn20xlBL2g,Style & Grace Events
on9T7KLio4s48P_vk01dBA,Terradorna
zGhdlDF08kHTegh7rFNQlg,Backbone Valley Nursery
qYoZlbcuwHpUVrG4nzByPA,Austin Flower
ow3aaxI7cx3WgCmijOrqEw,King Florist
RgCI-o_wycpSZC7vX3xNmQ,Blackbird Floral
hMV5S3J27Se3TLmCxex3OQ,Freytag's Florist
zNIJ_UGoR_z_7lwSoUkjpw,Mercedes Flowers
g5iY0jGrFs38BcxkznsC-Q,Austin Flower Delivery
8E3tuBUHLH0SX4fi-T_PVw,Ali Bleu Flowers
gYtTQjzIWnQEIZ35EqHbTA,Ben White Florist
UqvrMaDIsOtpY01uOeGz7w,La Fleur Fresh Flower Market
rYiyRqFctgW5xl8BzxSjqQ,Texas Blooms
U2y-mU1GFxTRXCRw3oa60w,Magpie Blossom Boutique
3tAO8qKVFVy7_NJiWrseYg,The Enchanted Florist
nnEZxi0bEkQrKMammcfdZQ,Verbena Floral Design
Q0muMmPqod9BGvCW1ejgmg,Petals
0ZcjIgakrOTW1piWv3f0xg,Judy's Petal and Blooms
gN5tFvnLcfSXB8nSbm_X0Q,Westbank Flower Market
gHf-MJxqL0GZ931IgU72qQ,Plant Party
QlazyeDpX2Rkn_43R9EhxQ,Cedar Park Florist
NlmebH0c_ru2Sy6uMG-bfA,Austin Flower Market
aZQcrNjYFPNy1EKaBtTMOw,The Flower Bucket
gzZ1DoMF_33RGKRjFrQlfg,Pollen Floral Art
JvKYRs_m3ruKgysbegzSdA,Bloom & Bud
ySTo3YRvtv7iEmzPckpiFg,Succulent Native
m4g_ltG08HQYelOpFbx6XQ,Zinnia and Company
9xF55lY5BwtZ_xZ9OkRrLg,The Flower Studio
Drn42URxj0Nn_4YNFsxqHw,Wolff's Floral Designs
iyeJrTWE3_Xtup77dC_Mtg,Waltons Fancy and Staple
RyB_ztQBSK3eibul9y8VGA,Wildflower Rx
D3IhiUik1H8cwUvdSchJSQ,Bouquets of Austin
OcUiy9DHh2ifDsSuBeTojQ,Flower House Austin
uvGGTjYmEXPGEfxVvkRRdQ,American Woman Flowers
XYrGAnF1ZfES96fNUArxvQ,Mountain Laurel Floral
77YX7ZYSVx_2BYRsuZXLOA,Hutto Flower Market
DRaq1q-z0IsakogfxsZktQ,ATX Flowers - Flowers Are Happy
cAHCnOjJemX7XgEuEmnPgw,ParkCrest Floral Design
Qh2VtNnAPvZAxPtlCI7Bzw,Gypsy Floral and Events
PSYKGYT1y5jwvRYkjIC1Pw,Floral Renaissance
WY1NkhPHp_ZCn_j8uFNYdQ,Lakeline Florist & Gifts
ttgSmJ-gxH3lwEOoLkVHHw,CTG Floral Design & Plant Emporium
o2ctTPl2iKzOdOkIPofQtQ,Heart & Home Flowers
hievKr3950IoZf6ZdO429w,The Flower Box
RMcXoQk540zWwwBe-K8t1w,1st Moment Flowers
VlVuA5bW_vhuqMT5y5OvlA,Last Petal
IevvGtdr_mmF_ramiCLV6w,The Flower Social
PXMriZLbhBsCAFaqiUqsDg,A Flower Junction
2hnLMqToU3HGJTzpKQtWmw,Bloom 3D
DKmBDgVHytzzAOBy1r9UbQ,Posey Floral & Event Design
9j0isV9YuaJdToscElJhOA,Charlotte's Fiesta Flowers
uLtazh9JFsPKgb35zGk5aA,David Kurio Designs
thq4G47eywHsYJS8EzJiUA,Merveille Flowers & Events
U2y-mU1GFxTRXCRw3oa60w,Magpie Blossom Boutique
3tAO8qKVFVy7_NJiWrseYg,The Enchanted Florist
nnEZxi0bEkQrKMammcfdZQ,Verbena Floral Design
Q0muMmPqod9BGvCW1ejgmg,Petals
0ZcjIgakrOTW1piWv3f0xg,Judy's Petal and Blooms
gN5tFvnLcfSXB8nSbm_X0Q,Westbank Flower Market
gHf-MJxqL0GZ931IgU72qQ,Plant Party
QlazyeDpX2Rkn_43R9EhxQ,Cedar Park Florist
NlmebH0c_ru2Sy6uMG-bfA,Austin Flower Market
aZQcrNjYFPNy1EKaBtTMOw,The Flower Bucket
gzZ1DoMF_33RGKRjFrQlfg,Pollen Floral Art
JvKYRs_m3ruKgysbegzSdA,Bloom & Bud
ySTo3YRvtv7iEmzPckpiFg,Succulent Native
m4g_ltG08HQYelOpFbx6XQ,Zinnia and Company
9xF55lY5BwtZ_xZ9OkRrLg,The Flower Studio
Drn42URxj0Nn_4YNFsxqHw,Wolff's Floral Designs
iyeJrTWE3_Xtup77dC_Mtg,Waltons Fancy and Staple
RyB_ztQBSK3eibul9y8VGA,Wildflower Rx
D3IhiUik1H8cwUvdSchJSQ,Bouquets of Austin
OcUiy9DHh2ifDsSuBeTojQ,Flower House Austin
uvGGTjYmEXPGEfxVvkRRdQ,American Woman Flowers
XYrGAnF1ZfES96fNUArxvQ,Mountain Laurel Floral
77YX7ZYSVx_2BYRsuZXLOA,Hutto Flower Market
DRaq1q-z0IsakogfxsZktQ,ATX Flowers - Flowers Are Happy
cAHCnOjJemX7XgEuEmnPgw,ParkCrest Floral Design
Qh2VtNnAPvZAxPtlCI7Bzw,Gypsy Floral and Events
PSYKGYT1y5jwvRYkjIC1Pw,Floral Renaissance
WY1NkhPHp_ZCn_j8uFNYdQ,Lakeline Florist & Gifts
ttgSmJ-gxH3lwEOoLkVHHw,CTG Floral Design & Plant Emporium
o2ctTPl2iKzOdOkIPofQtQ,Heart & Home Flowers
hievKr3950IoZf6ZdO429w,The Flower Box
RMcXoQk540zWwwBe-K8t1w,1st Moment Flowers
VlVuA5bW_vhuqMT5y5OvlA,Last Petal
IevvGtdr_mmF_ramiCLV6w,The Flower Social
PXMriZLbhBsCAFaqiUqsDg,A Flower Junction
2hnLMqToU3HGJTzpKQtWmw,Bloom 3D
DKmBDgVHytzzAOBy1r9UbQ,Posey Floral & Event Design
9j0isV9YuaJdToscElJhOA,Charlotte's Fiesta Flowers
uLtazh9JFsPKgb35zGk5aA,David Kurio Designs
thq4G47eywHsYJS8EzJiUA,Merveille Flowers & Events
vAQJUcHP3Kwf8dBVFnoK0A,Jane Claire's Floral Designs
9gDJ1uZZbnv1cBYT413NLQ,Rosehip Flora
qCuoQgzagfL7WB5eu5zXrg,Bloomin Across Texas
B5z63mfHL47qJBKa6etAQA,Budaful Flowers
hwstXlfhDOV0XmNGMzqcIA,The Flower Girl
zuFWvw15icYYvvwvHlo-yQ,Tiny Bloom
dOwP8x9OJQ_8HNt03IDbhA,Marble Falls Flower & Gift Shop
p2ilOKw5ifzQ4Jdm4-NkVQ,Austin Succulents & Terrariums
-QJCVBhn78pk1EBf_8-y3g,Flowers Flowers Inc
ij4E6roRKm_6pgRTOKElUg,The Great Outdoors
gzZ1DoMF_33RGKRjFrQlfg,Pollen Floral Art
JvKYRs_m3ruKgysbegzSdA,Bloom & Bud
ySTo3YRvtv7iEmzPckpiFg,Succulent Native
m4g_ltG08HQYelOpFbx6XQ,Zinnia and Company
9xF55lY5BwtZ_xZ9OkRrLg,The Flower Studio
Drn42URxj0Nn_4YNFsxqHw,Wolff's Floral Designs
iyeJrTWE3_Xtup77dC_Mtg,Waltons Fancy and Staple
RyB_ztQBSK3eibul9y8VGA,Wildflower Rx
D3IhiUik1H8cwUvdSchJSQ,Bouquets of Austin
OcUiy9DHh2ifDsSuBeTojQ,Flower House Austin
uvGGTjYmEXPGEfxVvkRRdQ,American Woman Flowers
XYrGAnF1ZfES96fNUArxvQ,Mountain Laurel Floral
77YX7ZYSVx_2BYRsuZXLOA,Hutto Flower Market
DRaq1q-z0IsakogfxsZktQ,ATX Flowers - Flowers Are Happy
cAHCnOjJemX7XgEuEmnPgw,ParkCrest Floral Design
Qh2VtNnAPvZAxPtlCI7Bzw,Gypsy Floral and Events
PSYKGYT1y5jwvRYkjIC1Pw,Floral Renaissance
WY1NkhPHp_ZCn_j8uFNYdQ,Lakeline Florist & Gifts
ttgSmJ-gxH3lwEOoLkVHHw,CTG Floral Design & Plant Emporium
o2ctTPl2iKzOdOkIPofQtQ,Heart & Home Flowers
hievKr3950IoZf6ZdO429w,The Flower Box
RMcXoQk540zWwwBe-K8t1w,1st Moment Flowers
VlVuA5bW_vhuqMT5y5OvlA,Last Petal
IevvGtdr_mmF_ramiCLV6w,The Flower Social
PXMriZLbhBsCAFaqiUqsDg,A Flower Junction
2hnLMqToU3HGJTzpKQtWmw,Bloom 3D
DKmBDgVHytzzAOBy1r9UbQ,Posey Floral & Event Design
9j0isV9YuaJdToscElJhOA,Charlotte's Fiesta Flowers
uLtazh9JFsPKgb35zGk5aA,David Kurio Designs
thq4G47eywHsYJS8EzJiUA,Merveille Flowers & Events
vAQJUcHP3Kwf8dBVFnoK0A,Jane Claire's Floral Designs
9gDJ1uZZbnv1cBYT413NLQ,Rosehip Flora
qCuoQgzagfL7WB5eu5zXrg,Bloomin Across Texas
B5z63mfHL47qJBKa6etAQA,Budaful Flowers
hwstXlfhDOV0XmNGMzqcIA,The Flower Girl
zuFWvw15icYYvvwvHlo-yQ,Tiny Bloom
dOwP8x9OJQ_8HNt03IDbhA,Marble Falls Flower & Gift Shop
p2ilOKw5ifzQ4Jdm4-NkVQ,Austin Succulents & Terrariums
-QJCVBhn78pk1EBf_8-y3g,Flowers Flowers Inc
ij4E6roRKm_6pgRTOKElUg,The Great Outdoors
7KQJHMSGwH5uA3vejcGuyg,Flower Crown Muse
eURa2s7Y7NjclMS3rq3R7Q,Tillery Street Plant Company
dxcHl17pVjen-SiHDeBiYw,The Natural Gardener
iuvo8RmL0EM-4NQx7Gn3wA,Flora Fetish
BhZdvGOmHEAOJEM0-lodIA,Barton Springs Nursery
5FT8BesOYJLMDlZUOtmKtw,Clementine
vc3hLcyRr7RS9SfkmVGrDw,Stems Floral Design + Event Styling
IXK5BFt04sailev6re9s6Q,Lemon Leaf Florist
UvnV1m2Gmt9hmB1dQZ5DxQ,Blumen Meisters Flower Market
9FvlbziwNbNjH81ViZnW8Q,Loose Leaf | Florist
uvGGTjYmEXPGEfxVvkRRdQ,American Woman Flowers
XYrGAnF1ZfES96fNUArxvQ,Mountain Laurel Floral
77YX7ZYSVx_2BYRsuZXLOA,Hutto Flower Market
DRaq1q-z0IsakogfxsZktQ,ATX Flowers - Flowers Are Happy
cAHCnOjJemX7XgEuEmnPgw,ParkCrest Floral Design
Qh2VtNnAPvZAxPtlCI7Bzw,Gypsy Floral and Events
PSYKGYT1y5jwvRYkjIC1Pw,Floral Renaissance
WY1NkhPHp_ZCn_j8uFNYdQ,Lakeline Florist & Gifts
ttgSmJ-gxH3lwEOoLkVHHw,CTG Floral Design & Plant Emporium
o2ctTPl2iKzOdOkIPofQtQ,Heart & Home Flowers
hievKr3950IoZf6ZdO429w,The Flower Box
RMcXoQk540zWwwBe-K8t1w,1st Moment Flowers
VlVuA5bW_vhuqMT5y5OvlA,Last Petal
IevvGtdr_mmF_ramiCLV6w,The Flower Social
PXMriZLbhBsCAFaqiUqsDg,A Flower Junction
2hnLMqToU3HGJTzpKQtWmw,Bloom 3D
DKmBDgVHytzzAOBy1r9UbQ,Posey Floral & Event Design
9j0isV9YuaJdToscElJhOA,Charlotte's Fiesta Flowers
uLtazh9JFsPKgb35zGk5aA,David Kurio Designs
thq4G47eywHsYJS8EzJiUA,Merveille Flowers & Events
vAQJUcHP3Kwf8dBVFnoK0A,Jane Claire's Floral Designs
9gDJ1uZZbnv1cBYT413NLQ,Rosehip Flora
qCuoQgzagfL7WB5eu5zXrg,Bloomin Across Texas
B5z63mfHL47qJBKa6etAQA,Budaful Flowers
hwstXlfhDOV0XmNGMzqcIA,The Flower Girl
zuFWvw15icYYvvwvHlo-yQ,Tiny Bloom
dOwP8x9OJQ_8HNt03IDbhA,Marble Falls Flower & Gift Shop
p2ilOKw5ifzQ4Jdm4-NkVQ,Austin Succulents & Terrariums
-QJCVBhn78pk1EBf_8-y3g,Flowers Flowers Inc
ij4E6roRKm_6pgRTOKElUg,The Great Outdoors
7KQJHMSGwH5uA3vejcGuyg,Flower Crown Muse
eURa2s7Y7NjclMS3rq3R7Q,Tillery Street Plant Company
dxcHl17pVjen-SiHDeBiYw,The Natural Gardener
iuvo8RmL0EM-4NQx7Gn3wA,Flora Fetish
BhZdvGOmHEAOJEM0-lodIA,Barton Springs Nursery
5FT8BesOYJLMDlZUOtmKtw,Clementine
vc3hLcyRr7RS9SfkmVGrDw,Stems Floral Design + Event Styling
IXK5BFt04sailev6re9s6Q,Lemon Leaf Florist
UvnV1m2Gmt9hmB1dQZ5DxQ,Blumen Meisters Flower Market
9FvlbziwNbNjH81ViZnW8Q,Loose Leaf | Florist
boyFGQ6Y9YRP6KAae3Z4Jg,All Stems From Sophia Florist
AzMv7_EQD2W6rmtufjiiFw,Mc Phail Florist & Greenhouse
DpGBFKNATRLZp_tSM883nQ,D.Sweetpea's Custom Floral
E3ki0lUQs-Kli5OulhA5AA,Austin Rainbow Bouquet
ESqk_vbrBHbOjathjSZ2cQ,Scent of a Bloom
MHBB1mDfNLoRbnvp7W9dUA,Flora Funeral Sympathy Flowers
ikBesdSrwpmmmxy2re_eWw,Sweet Magnolia Flowers & Mercantile
Dji3BmZYivyEp3I0-U5h5w,Taylor'd Flowers For You
QRvpBf7FIn-ZR3IGgh5c-Q,Couch Potato ATX
eD1pcddZYJS7B_1jcvmHRA,Beyond Arrangements
hievKr3950IoZf6ZdO429w,The Flower Box
RMcXoQk540zWwwBe-K8t1w,1st Moment Flowers
VlVuA5bW_vhuqMT5y5OvlA,Last Petal
IevvGtdr_mmF_ramiCLV6w,The Flower Social
PXMriZLbhBsCAFaqiUqsDg,A Flower Junction
2hnLMqToU3HGJTzpKQtWmw,Bloom 3D
DKmBDgVHytzzAOBy1r9UbQ,Posey Floral & Event Design
9j0isV9YuaJdToscElJhOA,Charlotte's Fiesta Flowers
uLtazh9JFsPKgb35zGk5aA,David Kurio Designs
thq4G47eywHsYJS8EzJiUA,Merveille Flowers & Events
vAQJUcHP3Kwf8dBVFnoK0A,Jane Claire's Floral Designs
9gDJ1uZZbnv1cBYT413NLQ,Rosehip Flora
qCuoQgzagfL7WB5eu5zXrg,Bloomin Across Texas
B5z63mfHL47qJBKa6etAQA,Budaful Flowers
hwstXlfhDOV0XmNGMzqcIA,The Flower Girl
zuFWvw15icYYvvwvHlo-yQ,Tiny Bloom
dOwP8x9OJQ_8HNt03IDbhA,Marble Falls Flower & Gift Shop
p2ilOKw5ifzQ4Jdm4-NkVQ,Austin Succulents & Terrariums
-QJCVBhn78pk1EBf_8-y3g,Flowers Flowers Inc
ij4E6roRKm_6pgRTOKElUg,The Great Outdoors
7KQJHMSGwH5uA3vejcGuyg,Flower Crown Muse
eURa2s7Y7NjclMS3rq3R7Q,Tillery Street Plant Company
dxcHl17pVjen-SiHDeBiYw,The Natural Gardener
iuvo8RmL0EM-4NQx7Gn3wA,Flora Fetish
BhZdvGOmHEAOJEM0-lodIA,Barton Springs Nursery
5FT8BesOYJLMDlZUOtmKtw,Clementine
vc3hLcyRr7RS9SfkmVGrDw,Stems Floral Design + Event Styling
IXK5BFt04sailev6re9s6Q,Lemon Leaf Florist
UvnV1m2Gmt9hmB1dQZ5DxQ,Blumen Meisters Flower Market
9FvlbziwNbNjH81ViZnW8Q,Loose Leaf | Florist
boyFGQ6Y9YRP6KAae3Z4Jg,All Stems From Sophia Florist
AzMv7_EQD2W6rmtufjiiFw,Mc Phail Florist & Greenhouse
DpGBFKNATRLZp_tSM883nQ,D.Sweetpea's Custom Floral
E3ki0lUQs-Kli5OulhA5AA,Austin Rainbow Bouquet
ESqk_vbrBHbOjathjSZ2cQ,Scent of a Bloom
MHBB1mDfNLoRbnvp7W9dUA,Flora Funeral Sympathy Flowers
ikBesdSrwpmmmxy2re_eWw,Sweet Magnolia Flowers & Mercantile
Dji3BmZYivyEp3I0-U5h5w,Taylor'd Flowers For You
QRvpBf7FIn-ZR3IGgh5c-Q,Couch Potato ATX
eD1pcddZYJS7B_1jcvmHRA,Beyond Arrangements
Po_w2urhqIvQMtLHHJ6VYA,Wild Bunches Floral
8kbiEQdGCHJ2nmOPaEz8sw,Garden Seventeen
AbC1vGpOP3ne4x7YqgoJzA,Sledd Nursery
0Tq0p0xGqNsVK_tHzbZa9g,Jordan Flowers & Events
C0W2OujUd8zTW5tNwHdd4Q,Lee Warth Designs
S_GK1PaZ8TsgG22l7LWPzw,Articulture Designs
00bMXv09fSxRfOn7vKuyAw,Water Stones
owfQO_tqOMPGVV6IwpkJJA,Sami's Flower Shop & Event Services
PrLuj1RMqfiA_pdm7NtRzw,Kathi Thomas Design
zdW1fkRkeJdH2k6gK26ZJQ,The Flower Haus
vAQJUcHP3Kwf8dBVFnoK0A,Jane Claire's Floral Designs
9gDJ1uZZbnv1cBYT413NLQ,Rosehip Flora
qCuoQgzagfL7WB5eu5zXrg,Bloomin Across Texas
B5z63mfHL47qJBKa6etAQA,Budaful Flowers
hwstXlfhDOV0XmNGMzqcIA,The Flower Girl
zuFWvw15icYYvvwvHlo-yQ,Tiny Bloom
dOwP8x9OJQ_8HNt03IDbhA,Marble Falls Flower & Gift Shop
p2ilOKw5ifzQ4Jdm4-NkVQ,Austin Succulents & Terrariums
-QJCVBhn78pk1EBf_8-y3g,Flowers Flowers Inc
ij4E6roRKm_6pgRTOKElUg,The Great Outdoors
7KQJHMSGwH5uA3vejcGuyg,Flower Crown Muse
eURa2s7Y7NjclMS3rq3R7Q,Tillery Street Plant Company
dxcHl17pVjen-SiHDeBiYw,The Natural Gardener
iuvo8RmL0EM-4NQx7Gn3wA,Flora Fetish
BhZdvGOmHEAOJEM0-lodIA,Barton Springs Nursery
5FT8BesOYJLMDlZUOtmKtw,Clementine
vc3hLcyRr7RS9SfkmVGrDw,Stems Floral Design + Event Styling
IXK5BFt04sailev6re9s6Q,Lemon Leaf Florist
UvnV1m2Gmt9hmB1dQZ5DxQ,Blumen Meisters Flower Market
9FvlbziwNbNjH81ViZnW8Q,Loose Leaf | Florist
boyFGQ6Y9YRP6KAae3Z4Jg,All Stems From Sophia Florist
AzMv7_EQD2W6rmtufjiiFw,Mc Phail Florist & Greenhouse
DpGBFKNATRLZp_tSM883nQ,D.Sweetpea's Custom Floral
E3ki0lUQs-Kli5OulhA5AA,Austin Rainbow Bouquet
ESqk_vbrBHbOjathjSZ2cQ,Scent of a Bloom
MHBB1mDfNLoRbnvp7W9dUA,Flora Funeral Sympathy Flowers
ikBesdSrwpmmmxy2re_eWw,Sweet Magnolia Flowers & Mercantile
Dji3BmZYivyEp3I0-U5h5w,Taylor'd Flowers For You
QRvpBf7FIn-ZR3IGgh5c-Q,Couch Potato ATX
eD1pcddZYJS7B_1jcvmHRA,Beyond Arrangements
Po_w2urhqIvQMtLHHJ6VYA,Wild Bunches Floral
8kbiEQdGCHJ2nmOPaEz8sw,Garden Seventeen
AbC1vGpOP3ne4x7YqgoJzA,Sledd Nursery
0Tq0p0xGqNsVK_tHzbZa9g,Jordan Flowers & Events
C0W2OujUd8zTW5tNwHdd4Q,Lee Warth Designs
S_GK1PaZ8TsgG22l7LWPzw,Articulture Designs
00bMXv09fSxRfOn7vKuyAw,Water Stones
owfQO_tqOMPGVV6IwpkJJA,Sami's Flower Shop & Event Services
PrLuj1RMqfiA_pdm7NtRzw,Kathi Thomas Design
zdW1fkRkeJdH2k6gK26ZJQ,The Flower Haus
XPf6Nd2hYW3LTgotRNPIfw,Exquisite Petals
25PQgVhhFEmFZwAavu-Z-w,Sixpence Floral Design
F-pwl7OuSAzoXGBb25m42A,Greenleaf Wholesale Florist
nmJIOtVScQtqfpX9JwD6aQ,Wimberley Flower Shop
oTeIQQQlgBwPIj-Fzgz3WA,Billowing Blooms
vNJIwgZC5zisD4a-tmKDfA,Malleret Designs
UvYxJW6Oy-047UuGgIdr_Q,Fieldling
w5oSSSUrS4Zav_XSWoPzJw,Cantu's Mexican Imports/Lee's Healing Center
vnsRchKlyyETeOsm_6Crew,Bloomin Across Texas
p3KC6hF3n9_cGaPQ60UKkA,Kids-N-Cats Unique Gifts
7KQJHMSGwH5uA3vejcGuyg,Flower Crown Muse
eURa2s7Y7NjclMS3rq3R7Q,Tillery Street Plant Company
dxcHl17pVjen-SiHDeBiYw,The Natural Gardener
iuvo8RmL0EM-4NQx7Gn3wA,Flora Fetish
BhZdvGOmHEAOJEM0-lodIA,Barton Springs Nursery
5FT8BesOYJLMDlZUOtmKtw,Clementine
vc3hLcyRr7RS9SfkmVGrDw,Stems Floral Design + Event Styling
IXK5BFt04sailev6re9s6Q,Lemon Leaf Florist
UvnV1m2Gmt9hmB1dQZ5DxQ,Blumen Meisters Flower Market
9FvlbziwNbNjH81ViZnW8Q,Loose Leaf | Florist
boyFGQ6Y9YRP6KAae3Z4Jg,All Stems From Sophia Florist
AzMv7_EQD2W6rmtufjiiFw,Mc Phail Florist & Greenhouse
DpGBFKNATRLZp_tSM883nQ,D.Sweetpea's Custom Floral
E3ki0lUQs-Kli5OulhA5AA,Austin Rainbow Bouquet
ESqk_vbrBHbOjathjSZ2cQ,Scent of a Bloom
MHBB1mDfNLoRbnvp7W9dUA,Flora Funeral Sympathy Flowers
ikBesdSrwpmmmxy2re_eWw,Sweet Magnolia Flowers & Mercantile
Dji3BmZYivyEp3I0-U5h5w,Taylor'd Flowers For You
QRvpBf7FIn-ZR3IGgh5c-Q,Couch Potato ATX
eD1pcddZYJS7B_1jcvmHRA,Beyond Arrangements
Po_w2urhqIvQMtLHHJ6VYA,Wild Bunches Floral
8kbiEQdGCHJ2nmOPaEz8sw,Garden Seventeen
AbC1vGpOP3ne4x7YqgoJzA,Sledd Nursery
0Tq0p0xGqNsVK_tHzbZa9g,Jordan Flowers & Events
C0W2OujUd8zTW5tNwHdd4Q,Lee Warth Designs
S_GK1PaZ8TsgG22l7LWPzw,Articulture Designs
00bMXv09fSxRfOn7vKuyAw,Water Stones
owfQO_tqOMPGVV6IwpkJJA,Sami's Flower Shop & Event Services
PrLuj1RMqfiA_pdm7NtRzw,Kathi Thomas Design
zdW1fkRkeJdH2k6gK26ZJQ,The Flower Haus
XPf6Nd2hYW3LTgotRNPIfw,Exquisite Petals
25PQgVhhFEmFZwAavu-Z-w,Sixpence Floral Design
F-pwl7OuSAzoXGBb25m42A,Greenleaf Wholesale Florist
nmJIOtVScQtqfpX9JwD6aQ,Wimberley Flower Shop
oTeIQQQlgBwPIj-Fzgz3WA,Billowing Blooms
vNJIwgZC5zisD4a-tmKDfA,Malleret Designs
UvYxJW6Oy-047UuGgIdr_Q,Fieldling
w5oSSSUrS4Zav_XSWoPzJw,Cantu's Mexican Imports/Lee's Healing Center
vnsRchKlyyETeOsm_6Crew,Bloomin Across Texas
p3KC6hF3n9_cGaPQ60UKkA,Kids-N-Cats Unique Gifts
FHmQb7J470pJex71jQv67A,Edible Arrangements
2SGEhaNmRZ5g6o_cPw7gAg,Facet Flower Shop
asbQMXEWH2rzU6KVUNh60w,Vickery Wholesale Greenhouse
7VTs4dhS04eK0FgZCaQtKw,Romantic Florals
vrymyZO0eqILCKCUieGLNw,Kyle Flower Shop
bVwLV3_jjNAHtd3uel8GhQ,Flowerland
LzIuB6ardD7km4lk5TZHEQ,Fine Feather Florals
q03SnugY2u7rv_K8hYK_nw,Shoal Creek Nursery
_82FC-UdY3XS6OmG_boLaQ,Green Planet Scapes of Austin
PfQxSW9IAnTAfENE9giNpQ,SonFlower Florist
boyFGQ6Y9YRP6KAae3Z4Jg,All Stems From Sophia Florist
AzMv7_EQD2W6rmtufjiiFw,Mc Phail Florist & Greenhouse
DpGBFKNATRLZp_tSM883nQ,D.Sweetpea's Custom Floral
E3ki0lUQs-Kli5OulhA5AA,Austin Rainbow Bouquet
ESqk_vbrBHbOjathjSZ2cQ,Scent of a Bloom
MHBB1mDfNLoRbnvp7W9dUA,Flora Funeral Sympathy Flowers
ikBesdSrwpmmmxy2re_eWw,Sweet Magnolia Flowers & Mercantile
Dji3BmZYivyEp3I0-U5h5w,Taylor'd Flowers For You
QRvpBf7FIn-ZR3IGgh5c-Q,Couch Potato ATX
eD1pcddZYJS7B_1jcvmHRA,Beyond Arrangements
Po_w2urhqIvQMtLHHJ6VYA,Wild Bunches Floral
8kbiEQdGCHJ2nmOPaEz8sw,Garden Seventeen
AbC1vGpOP3ne4x7YqgoJzA,Sledd Nursery
0Tq0p0xGqNsVK_tHzbZa9g,Jordan Flowers & Events
C0W2OujUd8zTW5tNwHdd4Q,Lee Warth Designs
S_GK1PaZ8TsgG22l7LWPzw,Articulture Designs
00bMXv09fSxRfOn7vKuyAw,Water Stones
owfQO_tqOMPGVV6IwpkJJA,Sami's Flower Shop & Event Services
PrLuj1RMqfiA_pdm7NtRzw,Kathi Thomas Design
zdW1fkRkeJdH2k6gK26ZJQ,The Flower Haus
XPf6Nd2hYW3LTgotRNPIfw,Exquisite Petals
25PQgVhhFEmFZwAavu-Z-w,Sixpence Floral Design
F-pwl7OuSAzoXGBb25m42A,Greenleaf Wholesale Florist
nmJIOtVScQtqfpX9JwD6aQ,Wimberley Flower Shop
oTeIQQQlgBwPIj-Fzgz3WA,Billowing Blooms
vNJIwgZC5zisD4a-tmKDfA,Malleret Designs
UvYxJW6Oy-047UuGgIdr_Q,Fieldling
w5oSSSUrS4Zav_XSWoPzJw,Cantu's Mexican Imports/Lee's Healing Center
vnsRchKlyyETeOsm_6Crew,Bloomin Across Texas
p3KC6hF3n9_cGaPQ60UKkA,Kids-N-Cats Unique Gifts
FHmQb7J470pJex71jQv67A,Edible Arrangements
2SGEhaNmRZ5g6o_cPw7gAg,Facet Flower Shop
asbQMXEWH2rzU6KVUNh60w,Vickery Wholesale Greenhouse
7VTs4dhS04eK0FgZCaQtKw,Romantic Florals
vrymyZO0eqILCKCUieGLNw,Kyle Flower Shop
bVwLV3_jjNAHtd3uel8GhQ,Flowerland
LzIuB6ardD7km4lk5TZHEQ,Fine Feather Florals
q03SnugY2u7rv_K8hYK_nw,Shoal Creek Nursery
_82FC-UdY3XS6OmG_boLaQ,Green Planet Scapes of Austin
PfQxSW9IAnTAfENE9giNpQ,SonFlower Florist
BmnMWlSpTpbnX9q0MSy8FQ,Gifts-n-Such
HZkKZInSakO_UZBdhMV3VQ,Heart and Home Flowers
VuYzOjv1w9wqW3-arnpvOg,Floral Fabulous
G6BlDJc0zhPjNetsT-2CNg,Just For You
9nAP8pEhBuT65QeFcynbfg,East Austin Succulents
MemgrppKh3IyaqFX_5W8_w,Moon Valley Nurseries
1_2hXgERIZyDiCANSRQGmw,Visual Lyrics
Dxdy0HH7YBycePIxTqysuA,John's Flower House
CEi-6CpTRPblwR_ZRYNhtQ,Flowers by Design
5zbtFWZgb2Uoa9WaoHlJ0A,Linda's Flowers & More
Po_w2urhqIvQMtLHHJ6VYA,Wild Bunches Floral
8kbiEQdGCHJ2nmOPaEz8sw,Garden Seventeen
AbC1vGpOP3ne4x7YqgoJzA,Sledd Nursery
0Tq0p0xGqNsVK_tHzbZa9g,Jordan Flowers & Events
C0W2OujUd8zTW5tNwHdd4Q,Lee Warth Designs
S_GK1PaZ8TsgG22l7LWPzw,Articulture Designs
00bMXv09fSxRfOn7vKuyAw,Water Stones
owfQO_tqOMPGVV6IwpkJJA,Sami's Flower Shop & Event Services
PrLuj1RMqfiA_pdm7NtRzw,Kathi Thomas Design
zdW1fkRkeJdH2k6gK26ZJQ,The Flower Haus
XPf6Nd2hYW3LTgotRNPIfw,Exquisite Petals
25PQgVhhFEmFZwAavu-Z-w,Sixpence Floral Design
F-pwl7OuSAzoXGBb25m42A,Greenleaf Wholesale Florist
nmJIOtVScQtqfpX9JwD6aQ,Wimberley Flower Shop
oTeIQQQlgBwPIj-Fzgz3WA,Billowing Blooms
vNJIwgZC5zisD4a-tmKDfA,Malleret Designs
UvYxJW6Oy-047UuGgIdr_Q,Fieldling
w5oSSSUrS4Zav_XSWoPzJw,Cantu's Mexican Imports/Lee's Healing Center
vnsRchKlyyETeOsm_6Crew,Bloomin Across Texas
p3KC6hF3n9_cGaPQ60UKkA,Kids-N-Cats Unique Gifts
FHmQb7J470pJex71jQv67A,Edible Arrangements
2SGEhaNmRZ5g6o_cPw7gAg,Facet Flower Shop
asbQMXEWH2rzU6KVUNh60w,Vickery Wholesale Greenhouse
7VTs4dhS04eK0FgZCaQtKw,Romantic Florals
vrymyZO0eqILCKCUieGLNw,Kyle Flower Shop
bVwLV3_jjNAHtd3uel8GhQ,Flowerland
LzIuB6ardD7km4lk5TZHEQ,Fine Feather Florals
q03SnugY2u7rv_K8hYK_nw,Shoal Creek Nursery
_82FC-UdY3XS6OmG_boLaQ,Green Planet Scapes of Austin
PfQxSW9IAnTAfENE9giNpQ,SonFlower Florist
BmnMWlSpTpbnX9q0MSy8FQ,Gifts-n-Such
HZkKZInSakO_UZBdhMV3VQ,Heart and Home Flowers
VuYzOjv1w9wqW3-arnpvOg,Floral Fabulous
G6BlDJc0zhPjNetsT-2CNg,Just For You
9nAP8pEhBuT65QeFcynbfg,East Austin Succulents
MemgrppKh3IyaqFX_5W8_w,Moon Valley Nurseries
1_2hXgERIZyDiCANSRQGmw,Visual Lyrics
Dxdy0HH7YBycePIxTqysuA,John's Flower House
CEi-6CpTRPblwR_ZRYNhtQ,Flowers by Design
5zbtFWZgb2Uoa9WaoHlJ0A,Linda's Flowers & More
ZbS1ITZY2RthiNNMOThZyQ,Prima Dora
DqVphbkkvPb-esONtUYI0Q,Ida Mayes Floristry
FaAIGtZXj4GjCu7V3N55pA,Mariposa Floral
SwXud2vwWko4RCfh9_20Aw,Tilted Tulip Floristry
ixF30R3E025rEkVj63LdFg,ZuZu's Petals
7u2HDuMBf2TIPXwexyuSsg,Vanderkolk Florist & Sweets
ixuhPVKZN6yAObwcjArY7Q,Bon Vivant Gift Boxes
CNCzzP57WBaqQLt1rWnOCA,Pocket Full of Flowers
-S3Mqaa4PfRQ1Fa1lYQvow,Sip and Stems
-rXN28OjNdHPfO_5AukK-Q,Bird Dog Wedding
XPf6Nd2hYW3LTgotRNPIfw,Exquisite Petals
25PQgVhhFEmFZwAavu-Z-w,Sixpence Floral Design
F-pwl7OuSAzoXGBb25m42A,Greenleaf Wholesale Florist
nmJIOtVScQtqfpX9JwD6aQ,Wimberley Flower Shop
oTeIQQQlgBwPIj-Fzgz3WA,Billowing Blooms
vNJIwgZC5zisD4a-tmKDfA,Malleret Designs
UvYxJW6Oy-047UuGgIdr_Q,Fieldling
w5oSSSUrS4Zav_XSWoPzJw,Cantu's Mexican Imports/Lee's Healing Center
vnsRchKlyyETeOsm_6Crew,Bloomin Across Texas
p3KC6hF3n9_cGaPQ60UKkA,Kids-N-Cats Unique Gifts
FHmQb7J470pJex71jQv67A,Edible Arrangements
2SGEhaNmRZ5g6o_cPw7gAg,Facet Flower Shop
asbQMXEWH2rzU6KVUNh60w,Vickery Wholesale Greenhouse
7VTs4dhS04eK0FgZCaQtKw,Romantic Florals
vrymyZO0eqILCKCUieGLNw,Kyle Flower Shop
bVwLV3_jjNAHtd3uel8GhQ,Flowerland
LzIuB6ardD7km4lk5TZHEQ,Fine Feather Florals
q03SnugY2u7rv_K8hYK_nw,Shoal Creek Nursery
_82FC-UdY3XS6OmG_boLaQ,Green Planet Scapes of Austin
PfQxSW9IAnTAfENE9giNpQ,SonFlower Florist
BmnMWlSpTpbnX9q0MSy8FQ,Gifts-n-Such
HZkKZInSakO_UZBdhMV3VQ,Heart and Home Flowers
VuYzOjv1w9wqW3-arnpvOg,Floral Fabulous
G6BlDJc0zhPjNetsT-2CNg,Just For You
9nAP8pEhBuT65QeFcynbfg,East Austin Succulents
MemgrppKh3IyaqFX_5W8_w,Moon Valley Nurseries
1_2hXgERIZyDiCANSRQGmw,Visual Lyrics
Dxdy0HH7YBycePIxTqysuA,John's Flower House
CEi-6CpTRPblwR_ZRYNhtQ,Flowers by Design
5zbtFWZgb2Uoa9WaoHlJ0A,Linda's Flowers & More
ZbS1ITZY2RthiNNMOThZyQ,Prima Dora
DqVphbkkvPb-esONtUYI0Q,Ida Mayes Floristry
FaAIGtZXj4GjCu7V3N55pA,Mariposa Floral
SwXud2vwWko4RCfh9_20Aw,Tilted Tulip Floristry
ixF30R3E025rEkVj63LdFg,ZuZu's Petals
7u2HDuMBf2TIPXwexyuSsg,Vanderkolk Florist & Sweets
ixuhPVKZN6yAObwcjArY7Q,Bon Vivant Gift Boxes
CNCzzP57WBaqQLt1rWnOCA,Pocket Full of Flowers
-S3Mqaa4PfRQ1Fa1lYQvow,Sip and Stems
-rXN28OjNdHPfO_5AukK-Q,Bird Dog Wedding
1d0UzvUwe6ywipSDSPC4XA,Road Side Rose Trading
w5sElBUlmNYVtEJOaiOfVA,A Flower Connection
7ko9SGYYeQbEb9aa2MDeWg,Dream Events
kmtmY04UpdCfWz7sZI6V2w,Avas Flowers
wg5bq2HifJaxUgDhaVgm6A,Vessel and Vine
hmVclTeBOHEsRNt4WqgncQ,Spike Gillespie
NsAqMOpFf3eCJJ3K_G_reQ,Rose's Flower Shop & Gifts
GYU2mMf6djLFT1GjZn1Rvw,Disch Events
ScwronRAzhizx9olapxkvQ,Austin Affair
ZBssgoHgDRM8d7l5tsPpzA,Casa Linda Florals
FHmQb7J470pJex71jQv67A,Edible Arrangements
2SGEhaNmRZ5g6o_cPw7gAg,Facet Flower Shop
asbQMXEWH2rzU6KVUNh60w,Vickery Wholesale Greenhouse
7VTs4dhS04eK0FgZCaQtKw,Romantic Florals
vrymyZO0eqILCKCUieGLNw,Kyle Flower Shop
bVwLV3_jjNAHtd3uel8GhQ,Flowerland
LzIuB6ardD7km4lk5TZHEQ,Fine Feather Florals
q03SnugY2u7rv_K8hYK_nw,Shoal Creek Nursery
_82FC-UdY3XS6OmG_boLaQ,Green Planet Scapes of Austin
PfQxSW9IAnTAfENE9giNpQ,SonFlower Florist
BmnMWlSpTpbnX9q0MSy8FQ,Gifts-n-Such
HZkKZInSakO_UZBdhMV3VQ,Heart and Home Flowers
VuYzOjv1w9wqW3-arnpvOg,Floral Fabulous
G6BlDJc0zhPjNetsT-2CNg,Just For You
9nAP8pEhBuT65QeFcynbfg,East Austin Succulents
MemgrppKh3IyaqFX_5W8_w,Moon Valley Nurseries
1_2hXgERIZyDiCANSRQGmw,Visual Lyrics
Dxdy0HH7YBycePIxTqysuA,John's Flower House
CEi-6CpTRPblwR_ZRYNhtQ,Flowers by Design
5zbtFWZgb2Uoa9WaoHlJ0A,Linda's Flowers & More
ZbS1ITZY2RthiNNMOThZyQ,Prima Dora
DqVphbkkvPb-esONtUYI0Q,Ida Mayes Floristry
FaAIGtZXj4GjCu7V3N55pA,Mariposa Floral
SwXud2vwWko4RCfh9_20Aw,Tilted Tulip Floristry
ixF30R3E025rEkVj63LdFg,ZuZu's Petals
7u2HDuMBf2TIPXwexyuSsg,Vanderkolk Florist & Sweets
ixuhPVKZN6yAObwcjArY7Q,Bon Vivant Gift Boxes
CNCzzP57WBaqQLt1rWnOCA,Pocket Full of Flowers
-S3Mqaa4PfRQ1Fa1lYQvow,Sip and Stems
-rXN28OjNdHPfO_5AukK-Q,Bird Dog Wedding
1d0UzvUwe6ywipSDSPC4XA,Road Side Rose Trading
w5sElBUlmNYVtEJOaiOfVA,A Flower Connection
7ko9SGYYeQbEb9aa2MDeWg,Dream Events
kmtmY04UpdCfWz7sZI6V2w,Avas Flowers
wg5bq2HifJaxUgDhaVgm6A,Vessel and Vine
hmVclTeBOHEsRNt4WqgncQ,Spike Gillespie
NsAqMOpFf3eCJJ3K_G_reQ,Rose's Flower Shop & Gifts
GYU2mMf6djLFT1GjZn1Rvw,Disch Events
ScwronRAzhizx9olapxkvQ,Austin Affair
ZBssgoHgDRM8d7l5tsPpzA,Casa Linda Florals
F9fLydpunk8VqOW6k-meFQ,Wild Poppy
74UbavScNcAHXqZfdXAoNw,Balloons 'N' Smiles
VYxDJN1kxZI7aHGKpBLurw,Blanton Floral
NSddFd8Myl64t1C-KcyKXA,ATX Bubbles
sLdYUSySoIJTPak48a0t7Q,Something To Celebrate
oI4q4OZ78hKLJ4cWYq3IlQ,Clearly Classy Events
6SVenkNFABCWaGR69a_I0g,Bloom and Leaf
2vb-5slOwQBFtzSDR4CF6g,Holmstroms-Taylor Floral Company
CE6Qywv6GsXXwCFHt6friw,Dantay's Flowers & Gifts
rywGDbdr9y-i_vd-lurFXQ,Same Day Flower Delivery
BmnMWlSpTpbnX9q0MSy8FQ,Gifts-n-Such
HZkKZInSakO_UZBdhMV3VQ,Heart and Home Flowers
VuYzOjv1w9wqW3-arnpvOg,Floral Fabulous
G6BlDJc0zhPjNetsT-2CNg,Just For You
9nAP8pEhBuT65QeFcynbfg,East Austin Succulents
MemgrppKh3IyaqFX_5W8_w,Moon Valley Nurseries
1_2hXgERIZyDiCANSRQGmw,Visual Lyrics
Dxdy0HH7YBycePIxTqysuA,John's Flower House
CEi-6CpTRPblwR_ZRYNhtQ,Flowers by Design
5zbtFWZgb2Uoa9WaoHlJ0A,Linda's Flowers & More
ZbS1ITZY2RthiNNMOThZyQ,Prima Dora
DqVphbkkvPb-esONtUYI0Q,Ida Mayes Floristry
FaAIGtZXj4GjCu7V3N55pA,Mariposa Floral
SwXud2vwWko4RCfh9_20Aw,Tilted Tulip Floristry
ixF30R3E025rEkVj63LdFg,ZuZu's Petals
7u2HDuMBf2TIPXwexyuSsg,Vanderkolk Florist & Sweets
ixuhPVKZN6yAObwcjArY7Q,Bon Vivant Gift Boxes
CNCzzP57WBaqQLt1rWnOCA,Pocket Full of Flowers
-S3Mqaa4PfRQ1Fa1lYQvow,Sip and Stems
-rXN28OjNdHPfO_5AukK-Q,Bird Dog Wedding
1d0UzvUwe6ywipSDSPC4XA,Road Side Rose Trading
w5sElBUlmNYVtEJOaiOfVA,A Flower Connection
7ko9SGYYeQbEb9aa2MDeWg,Dream Events
kmtmY04UpdCfWz7sZI6V2w,Avas Flowers
wg5bq2HifJaxUgDhaVgm6A,Vessel and Vine
hmVclTeBOHEsRNt4WqgncQ,Spike Gillespie
NsAqMOpFf3eCJJ3K_G_reQ,Rose's Flower Shop & Gifts
GYU2mMf6djLFT1GjZn1Rvw,Disch Events
ScwronRAzhizx9olapxkvQ,Austin Affair
ZBssgoHgDRM8d7l5tsPpzA,Casa Linda Florals
F9fLydpunk8VqOW6k-meFQ,Wild Poppy
74UbavScNcAHXqZfdXAoNw,Balloons 'N' Smiles
VYxDJN1kxZI7aHGKpBLurw,Blanton Floral
NSddFd8Myl64t1C-KcyKXA,ATX Bubbles
sLdYUSySoIJTPak48a0t7Q,Something To Celebrate
oI4q4OZ78hKLJ4cWYq3IlQ,Clearly Classy Events
6SVenkNFABCWaGR69a_I0g,Bloom and Leaf
2vb-5slOwQBFtzSDR4CF6g,Holmstroms-Taylor Floral Company
CE6Qywv6GsXXwCFHt6friw,Dantay's Flowers & Gifts
rywGDbdr9y-i_vd-lurFXQ,Same Day Flower Delivery
6_W4zObD62lbneAHPVBV7w,Umlauf Sculpture Garden & Museum
sMHWpHV085rITlgJc1X71g,Northwest Hills At Davenport
sNzQf1kN3fhsG5IGGtYesw,Yellow Umbrella Events
PlpRoQW9QvAVy4r2v_NSPw,Callahan’s General Store
NQ6pzFywNt3F8H5c_DNNzg,Ten Thousand Pots
_4EUBrLpONGP3jysOmb67Q,Black Petal Floral Design
7BYoUAMns05in6aC5rm_Iw,CLINK
sj4widXCfu5SIg7isHfPHA,Hyde Park Weddings
W9wUmCZ-CsNmz40H7nh81A,Carr Butterfield
TKDsWRPHjReQHAcP4hIbaQ,Highland Avenue Events
ZbS1ITZY2RthiNNMOThZyQ,Prima Dora
DqVphbkkvPb-esONtUYI0Q,Ida Mayes Floristry
FaAIGtZXj4GjCu7V3N55pA,Mariposa Floral
SwXud2vwWko4RCfh9_20Aw,Tilted Tulip Floristry
ixF30R3E025rEkVj63LdFg,ZuZu's Petals
7u2HDuMBf2TIPXwexyuSsg,Vanderkolk Florist & Sweets
ixuhPVKZN6yAObwcjArY7Q,Bon Vivant Gift Boxes
CNCzzP57WBaqQLt1rWnOCA,Pocket Full of Flowers
-S3Mqaa4PfRQ1Fa1lYQvow,Sip and Stems
-rXN28OjNdHPfO_5AukK-Q,Bird Dog Wedding
1d0UzvUwe6ywipSDSPC4XA,Road Side Rose Trading
w5sElBUlmNYVtEJOaiOfVA,A Flower Connection
7ko9SGYYeQbEb9aa2MDeWg,Dream Events
kmtmY04UpdCfWz7sZI6V2w,Avas Flowers
wg5bq2HifJaxUgDhaVgm6A,Vessel and Vine
hmVclTeBOHEsRNt4WqgncQ,Spike Gillespie
NsAqMOpFf3eCJJ3K_G_reQ,Rose's Flower Shop & Gifts
GYU2mMf6djLFT1GjZn1Rvw,Disch Events
ScwronRAzhizx9olapxkvQ,Austin Affair
ZBssgoHgDRM8d7l5tsPpzA,Casa Linda Florals
F9fLydpunk8VqOW6k-meFQ,Wild Poppy
74UbavScNcAHXqZfdXAoNw,Balloons 'N' Smiles
VYxDJN1kxZI7aHGKpBLurw,Blanton Floral
NSddFd8Myl64t1C-KcyKXA,ATX Bubbles
sLdYUSySoIJTPak48a0t7Q,Something To Celebrate
oI4q4OZ78hKLJ4cWYq3IlQ,Clearly Classy Events
6SVenkNFABCWaGR69a_I0g,Bloom and Leaf
2vb-5slOwQBFtzSDR4CF6g,Holmstroms-Taylor Floral Company
CE6Qywv6GsXXwCFHt6friw,Dantay's Flowers & Gifts
rywGDbdr9y-i_vd-lurFXQ,Same Day Flower Delivery
6_W4zObD62lbneAHPVBV7w,Umlauf Sculpture Garden & Museum
sMHWpHV085rITlgJc1X71g,Northwest Hills At Davenport
sNzQf1kN3fhsG5IGGtYesw,Yellow Umbrella Events
PlpRoQW9QvAVy4r2v_NSPw,Callahan’s General Store
NQ6pzFywNt3F8H5c_DNNzg,Ten Thousand Pots
_4EUBrLpONGP3jysOmb67Q,Black Petal Floral Design
7BYoUAMns05in6aC5rm_Iw,CLINK
sj4widXCfu5SIg7isHfPHA,Hyde Park Weddings
W9wUmCZ-CsNmz40H7nh81A,Carr Butterfield
TKDsWRPHjReQHAcP4hIbaQ,Highland Avenue Events
MFzAY8OVkq2kWXd9OyNWuA,Jenna Neal Designs
jGuKvat6sca3atLc66rXMA,Zilker Botanical Gardens
eVKbmBYQ3EjzUq8aIVFXYA,Creative Balloon Entertainment
anqlVAdUcY6BO-2R9mWjKA,Black Orchid Floral Design
V5xrx_fvFOBvHrf_sN6gug,Vivero Growers Nursery
AhwMojdCflguhb_YjCLzSw,620 Florist
w948ZQqQstK-zfhbMSF95Q,Geo Growers
cQBqnV-xiAz1VDVL2FMF9w,Wow Factor Floral
PVFSnG0cfR1HRbApFw56fw,Peekaboo Blooms
EhvJC6vDXNob7Rlu70owwQ,Peonies + Lace Weddings
1d0UzvUwe6ywipSDSPC4XA,Road Side Rose Trading
w5sElBUlmNYVtEJOaiOfVA,A Flower Connection
7ko9SGYYeQbEb9aa2MDeWg,Dream Events
kmtmY04UpdCfWz7sZI6V2w,Avas Flowers
wg5bq2HifJaxUgDhaVgm6A,Vessel and Vine
hmVclTeBOHEsRNt4WqgncQ,Spike Gillespie
NsAqMOpFf3eCJJ3K_G_reQ,Rose's Flower Shop & Gifts
GYU2mMf6djLFT1GjZn1Rvw,Disch Events
ScwronRAzhizx9olapxkvQ,Austin Affair
ZBssgoHgDRM8d7l5tsPpzA,Casa Linda Florals
F9fLydpunk8VqOW6k-meFQ,Wild Poppy
74UbavScNcAHXqZfdXAoNw,Balloons 'N' Smiles
VYxDJN1kxZI7aHGKpBLurw,Blanton Floral
NSddFd8Myl64t1C-KcyKXA,ATX Bubbles
sLdYUSySoIJTPak48a0t7Q,Something To Celebrate
oI4q4OZ78hKLJ4cWYq3IlQ,Clearly Classy Events
6SVenkNFABCWaGR69a_I0g,Bloom and Leaf
2vb-5slOwQBFtzSDR4CF6g,Holmstroms-Taylor Floral Company
CE6Qywv6GsXXwCFHt6friw,Dantay's Flowers & Gifts
rywGDbdr9y-i_vd-lurFXQ,Same Day Flower Delivery
6_W4zObD62lbneAHPVBV7w,Umlauf Sculpture Garden & Museum
sMHWpHV085rITlgJc1X71g,Northwest Hills At Davenport
sNzQf1kN3fhsG5IGGtYesw,Yellow Umbrella Events
PlpRoQW9QvAVy4r2v_NSPw,Callahan’s General Store
NQ6pzFywNt3F8H5c_DNNzg,Ten Thousand Pots
_4EUBrLpONGP3jysOmb67Q,Black Petal Floral Design
7BYoUAMns05in6aC5rm_Iw,CLINK
sj4widXCfu5SIg7isHfPHA,Hyde Park Weddings
W9wUmCZ-CsNmz40H7nh81A,Carr Butterfield
TKDsWRPHjReQHAcP4hIbaQ,Highland Avenue Events
MFzAY8OVkq2kWXd9OyNWuA,Jenna Neal Designs
jGuKvat6sca3atLc66rXMA,Zilker Botanical Gardens
eVKbmBYQ3EjzUq8aIVFXYA,Creative Balloon Entertainment
anqlVAdUcY6BO-2R9mWjKA,Black Orchid Floral Design
V5xrx_fvFOBvHrf_sN6gug,Vivero Growers Nursery
AhwMojdCflguhb_YjCLzSw,620 Florist
w948ZQqQstK-zfhbMSF95Q,Geo Growers
cQBqnV-xiAz1VDVL2FMF9w,Wow Factor Floral
PVFSnG0cfR1HRbApFw56fw,Peekaboo Blooms
EhvJC6vDXNob7Rlu70owwQ,Peonies + Lace Weddings
h9ewTG5ORnwMEr38Dk6-3Q,Wildflowers & Whiskey Events
_jtIYkTQqvJcnJ5fwjYKQw,Just' in Roses Wedding Floral
OmX0YPvioPr4VN9w9SmE9g,Bloomers Garden Center
oiormsoW0Q055eIqGEIMLQ,Edible Arrangements
PYQwS8KcL2PsD1E4PQX5XA,Brookshire Brothers
WA7lbMHVKrqPOyNCdPhivw,Prive Floral
PIPtHLlGCPOSxS-kF-TyIQ,Field To Vase Wedding Florist
yfIPQqUb_Lfbc6wRovpL3g,Lady Bird Johnson Wildflower Center
5k4BnnQK-tS6MvfVOhksXA,Dee's Boutique & Florist
8jOP0r2NPF9hidrLbzu7qA,Silly Sparkles
F9fLydpunk8VqOW6k-meFQ,Wild Poppy
74UbavScNcAHXqZfdXAoNw,Balloons 'N' Smiles
VYxDJN1kxZI7aHGKpBLurw,Blanton Floral
NSddFd8Myl64t1C-KcyKXA,ATX Bubbles
sLdYUSySoIJTPak48a0t7Q,Something To Celebrate
oI4q4OZ78hKLJ4cWYq3IlQ,Clearly Classy Events
6SVenkNFABCWaGR69a_I0g,Bloom and Leaf
2vb-5slOwQBFtzSDR4CF6g,Holmstroms-Taylor Floral Company
CE6Qywv6GsXXwCFHt6friw,Dantay's Flowers & Gifts
rywGDbdr9y-i_vd-lurFXQ,Same Day Flower Delivery
6_W4zObD62lbneAHPVBV7w,Umlauf Sculpture Garden & Museum
sMHWpHV085rITlgJc1X71g,Northwest Hills At Davenport
sNzQf1kN3fhsG5IGGtYesw,Yellow Umbrella Events
PlpRoQW9QvAVy4r2v_NSPw,Callahan’s General Store
NQ6pzFywNt3F8H5c_DNNzg,Ten Thousand Pots
_4EUBrLpONGP3jysOmb67Q,Black Petal Floral Design
7BYoUAMns05in6aC5rm_Iw,CLINK
sj4widXCfu5SIg7isHfPHA,Hyde Park Weddings
W9wUmCZ-CsNmz40H7nh81A,Carr Butterfield
TKDsWRPHjReQHAcP4hIbaQ,Highland Avenue Events
MFzAY8OVkq2kWXd9OyNWuA,Jenna Neal Designs
jGuKvat6sca3atLc66rXMA,Zilker Botanical Gardens
eVKbmBYQ3EjzUq8aIVFXYA,Creative Balloon Entertainment
anqlVAdUcY6BO-2R9mWjKA,Black Orchid Floral Design
V5xrx_fvFOBvHrf_sN6gug,Vivero Growers Nursery
AhwMojdCflguhb_YjCLzSw,620 Florist
w948ZQqQstK-zfhbMSF95Q,Geo Growers
cQBqnV-xiAz1VDVL2FMF9w,Wow Factor Floral
PVFSnG0cfR1HRbApFw56fw,Peekaboo Blooms
EhvJC6vDXNob7Rlu70owwQ,Peonies + Lace Weddings
h9ewTG5ORnwMEr38Dk6-3Q,Wildflowers & Whiskey Events
_jtIYkTQqvJcnJ5fwjYKQw,Just' in Roses Wedding Floral
OmX0YPvioPr4VN9w9SmE9g,Bloomers Garden Center
oiormsoW0Q055eIqGEIMLQ,Edible Arrangements
PYQwS8KcL2PsD1E4PQX5XA,Brookshire Brothers
WA7lbMHVKrqPOyNCdPhivw,Prive Floral
PIPtHLlGCPOSxS-kF-TyIQ,Field To Vase Wedding Florist
yfIPQqUb_Lfbc6wRovpL3g,Lady Bird Johnson Wildflower Center
5k4BnnQK-tS6MvfVOhksXA,Dee's Boutique & Florist
8jOP0r2NPF9hidrLbzu7qA,Silly Sparkles
Kk2qh5eBuLnYloVYmZGFJA,The Nouveau Romantics
A7PFMO2UDuquB8Jn3XhBFg,Bella by Sara
9lcfxkmS_CUH2xqoXZ2rBw,Trim & Proper Mowing and Landscaping
Md0CxmcawDQBtUwr_mI9iw,Austin Occasions
ea5gZBRlwKY_84aKAcjfOw,Brenda Abbott Floral Design
jsE7vFza6tJtq2y96Poopw,Garden of the Ancients
8J1DEeFLR8WFU9qADz4dng,Daisies & Daffodils
HiUt7pEU5z4G-B5ohENjzQ,WhiteCurtin Design
tm3GPKPWwMdBPw2jzirExg,Red Barn Garden Center
7yd74X_nyVXpud_xf46H4Q,Sunshine Garden
6_W4zObD62lbneAHPVBV7w,Umlauf Sculpture Garden & Museum
sMHWpHV085rITlgJc1X71g,Northwest Hills At Davenport
sNzQf1kN3fhsG5IGGtYesw,Yellow Umbrella Events
PlpRoQW9QvAVy4r2v_NSPw,Callahan’s General Store
NQ6pzFywNt3F8H5c_DNNzg,Ten Thousand Pots
_4EUBrLpONGP3jysOmb67Q,Black Petal Floral Design
7BYoUAMns05in6aC5rm_Iw,CLINK
sj4widXCfu5SIg7isHfPHA,Hyde Park Weddings
W9wUmCZ-CsNmz40H7nh81A,Carr Butterfield
TKDsWRPHjReQHAcP4hIbaQ,Highland Avenue Events
MFzAY8OVkq2kWXd9OyNWuA,Jenna Neal Designs
jGuKvat6sca3atLc66rXMA,Zilker Botanical Gardens
eVKbmBYQ3EjzUq8aIVFXYA,Creative Balloon Entertainment
anqlVAdUcY6BO-2R9mWjKA,Black Orchid Floral Design
V5xrx_fvFOBvHrf_sN6gug,Vivero Growers Nursery
AhwMojdCflguhb_YjCLzSw,620 Florist
w948ZQqQstK-zfhbMSF95Q,Geo Growers
cQBqnV-xiAz1VDVL2FMF9w,Wow Factor Floral
PVFSnG0cfR1HRbApFw56fw,Peekaboo Blooms
EhvJC6vDXNob7Rlu70owwQ,Peonies + Lace Weddings
h9ewTG5ORnwMEr38Dk6-3Q,Wildflowers & Whiskey Events
_jtIYkTQqvJcnJ5fwjYKQw,Just' in Roses Wedding Floral
OmX0YPvioPr4VN9w9SmE9g,Bloomers Garden Center
oiormsoW0Q055eIqGEIMLQ,Edible Arrangements
PYQwS8KcL2PsD1E4PQX5XA,Brookshire Brothers
WA7lbMHVKrqPOyNCdPhivw,Prive Floral
PIPtHLlGCPOSxS-kF-TyIQ,Field To Vase Wedding Florist
yfIPQqUb_Lfbc6wRovpL3g,Lady Bird Johnson Wildflower Center
5k4BnnQK-tS6MvfVOhksXA,Dee's Boutique & Florist
8jOP0r2NPF9hidrLbzu7qA,Silly Sparkles
Kk2qh5eBuLnYloVYmZGFJA,The Nouveau Romantics
A7PFMO2UDuquB8Jn3XhBFg,Bella by Sara
9lcfxkmS_CUH2xqoXZ2rBw,Trim & Proper Mowing and Landscaping
Md0CxmcawDQBtUwr_mI9iw,Austin Occasions
ea5gZBRlwKY_84aKAcjfOw,Brenda Abbott Floral Design
jsE7vFza6tJtq2y96Poopw,Garden of the Ancients
8J1DEeFLR8WFU9qADz4dng,Daisies & Daffodils
HiUt7pEU5z4G-B5ohENjzQ,WhiteCurtin Design
tm3GPKPWwMdBPw2jzirExg,Red Barn Garden Center
7yd74X_nyVXpud_xf46H4Q,Sunshine Garden
wBXqgQbxVCDvykMSpw3aJg,"Your Wedding, Your Way"
87Ge54UVMXs3VdQOToOHSw,Green 'n Growing
Ag_CR6rA7WUmFEUnfuHhUQ,Edible Arrangements
DnbyiKmVP-tiH42uveMRXQ,The Home Depot
1xeSzzChvPRFZN8HI2scow,Bride's Best Friend
QTtmKl4Oku2elYeTrxxh_Q,Hope Valley Tree Farm
NaMqfFRiME7Kxhv4U5NnTg,Hill Country Water Gardens & Nursery
PAQXPBmobEhZulpUNRwN-w,"Advanced Organic Materials ""The Dirt Girl"""
nvwTiVdjvMk6LwljFe6RBw,Bricolage Curated Florals
rIDtRGyljpZhGlqSPiqpWQ,Allison's Events By Michelle
MFzAY8OVkq2kWXd9OyNWuA,Jenna Neal Designs
jGuKvat6sca3atLc66rXMA,Zilker Botanical Gardens
eVKbmBYQ3EjzUq8aIVFXYA,Creative Balloon Entertainment
anqlVAdUcY6BO-2R9mWjKA,Black Orchid Floral Design
V5xrx_fvFOBvHrf_sN6gug,Vivero Growers Nursery
AhwMojdCflguhb_YjCLzSw,620 Florist
w948ZQqQstK-zfhbMSF95Q,Geo Growers
cQBqnV-xiAz1VDVL2FMF9w,Wow Factor Floral
PVFSnG0cfR1HRbApFw56fw,Peekaboo Blooms
EhvJC6vDXNob7Rlu70owwQ,Peonies + Lace Weddings
h9ewTG5ORnwMEr38Dk6-3Q,Wildflowers & Whiskey Events
_jtIYkTQqvJcnJ5fwjYKQw,Just' in Roses Wedding Floral
OmX0YPvioPr4VN9w9SmE9g,Bloomers Garden Center
oiormsoW0Q055eIqGEIMLQ,Edible Arrangements
PYQwS8KcL2PsD1E4PQX5XA,Brookshire Brothers
WA7lbMHVKrqPOyNCdPhivw,Prive Floral
PIPtHLlGCPOSxS-kF-TyIQ,Field To Vase Wedding Florist
yfIPQqUb_Lfbc6wRovpL3g,Lady Bird Johnson Wildflower Center
5k4BnnQK-tS6MvfVOhksXA,Dee's Boutique & Florist
8jOP0r2NPF9hidrLbzu7qA,Silly Sparkles
Kk2qh5eBuLnYloVYmZGFJA,The Nouveau Romantics
A7PFMO2UDuquB8Jn3XhBFg,Bella by Sara
9lcfxkmS_CUH2xqoXZ2rBw,Trim & Proper Mowing and Landscaping
Md0CxmcawDQBtUwr_mI9iw,Austin Occasions
ea5gZBRlwKY_84aKAcjfOw,Brenda Abbott Floral Design
jsE7vFza6tJtq2y96Poopw,Garden of the Ancients
8J1DEeFLR8WFU9qADz4dng,Daisies & Daffodils
HiUt7pEU5z4G-B5ohENjzQ,WhiteCurtin Design
tm3GPKPWwMdBPw2jzirExg,Red Barn Garden Center
7yd74X_nyVXpud_xf46H4Q,Sunshine Garden
wBXqgQbxVCDvykMSpw3aJg,"Your Wedding, Your Way"
87Ge54UVMXs3VdQOToOHSw,Green 'n Growing
Ag_CR6rA7WUmFEUnfuHhUQ,Edible Arrangements
DnbyiKmVP-tiH42uveMRXQ,The Home Depot
1xeSzzChvPRFZN8HI2scow,Bride's Best Friend
QTtmKl4Oku2elYeTrxxh_Q,Hope Valley Tree Farm
NaMqfFRiME7Kxhv4U5NnTg,Hill Country Water Gardens & Nursery
PAQXPBmobEhZulpUNRwN-w,"Advanced Organic Materials ""The Dirt Girl"""
nvwTiVdjvMk6LwljFe6RBw,Bricolage Curated Florals
rIDtRGyljpZhGlqSPiqpWQ,Allison's Events By Michelle
8q5W697uhUfU9BLOi-21hg,Events by DECISIONS
kg6k8LI4z51TI7kzDnc_mQ,Treasured Blossoms Floral and Event Design
giqrOhYFTVE3iZfxQ2Pvtw,Elope in Austin
Uxgg-LjZ8HszGsJLo5EgYA,Hermanas Event & Wedding Consulting Services
dIo81kIE0fT96yUlxaN_TA,Beau's Flower Child
TujxYXF6IFsVKY7GagGbZA,Burlap and Rose Wedding Planning
o5Xk1xk2hCTmwlh75JWAKQ,Austintatious Events
ZsDFA_v_9FxQo-o1KaflrA,Rock N Dirt Yard
KmGkB_EOHf_cN91nUCQZlg,Bastrop Botanical Gardens
lCD471-ItlB4MCnogLY98g,The Tree Man
h9ewTG5ORnwMEr38Dk6-3Q,Wildflowers & Whiskey Events
_jtIYkTQqvJcnJ5fwjYKQw,Just' in Roses Wedding Floral
OmX0YPvioPr4VN9w9SmE9g,Bloomers Garden Center
oiormsoW0Q055eIqGEIMLQ,Edible Arrangements
PYQwS8KcL2PsD1E4PQX5XA,Brookshire Brothers
WA7lbMHVKrqPOyNCdPhivw,Prive Floral
PIPtHLlGCPOSxS-kF-TyIQ,Field To Vase Wedding Florist
yfIPQqUb_Lfbc6wRovpL3g,Lady Bird Johnson Wildflower Center
5k4BnnQK-tS6MvfVOhksXA,Dee's Boutique & Florist
8jOP0r2NPF9hidrLbzu7qA,Silly Sparkles
Kk2qh5eBuLnYloVYmZGFJA,The Nouveau Romantics
A7PFMO2UDuquB8Jn3XhBFg,Bella by Sara
9lcfxkmS_CUH2xqoXZ2rBw,Trim & Proper Mowing and Landscaping
Md0CxmcawDQBtUwr_mI9iw,Austin Occasions
ea5gZBRlwKY_84aKAcjfOw,Brenda Abbott Floral Design
jsE7vFza6tJtq2y96Poopw,Garden of the Ancients
8J1DEeFLR8WFU9qADz4dng,Daisies & Daffodils
HiUt7pEU5z4G-B5ohENjzQ,WhiteCurtin Design
tm3GPKPWwMdBPw2jzirExg,Red Barn Garden Center
7yd74X_nyVXpud_xf46H4Q,Sunshine Garden
wBXqgQbxVCDvykMSpw3aJg,"Your Wedding, Your Way"
87Ge54UVMXs3VdQOToOHSw,Green 'n Growing
Ag_CR6rA7WUmFEUnfuHhUQ,Edible Arrangements
DnbyiKmVP-tiH42uveMRXQ,The Home Depot
1xeSzzChvPRFZN8HI2scow,Bride's Best Friend
QTtmKl4Oku2elYeTrxxh_Q,Hope Valley Tree Farm
NaMqfFRiME7Kxhv4U5NnTg,Hill Country Water Gardens & Nursery
PAQXPBmobEhZulpUNRwN-w,"Advanced Organic Materials ""The Dirt Girl"""
nvwTiVdjvMk6LwljFe6RBw,Bricolage Curated Florals
rIDtRGyljpZhGlqSPiqpWQ,Allison's Events By Michelle
8q5W697uhUfU9BLOi-21hg,Events by DECISIONS
kg6k8LI4z51TI7kzDnc_mQ,Treasured Blossoms Floral and Event Design
giqrOhYFTVE3iZfxQ2Pvtw,Elope in Austin
Uxgg-LjZ8HszGsJLo5EgYA,Hermanas Event & Wedding Consulting Services
dIo81kIE0fT96yUlxaN_TA,Beau's Flower Child
TujxYXF6IFsVKY7GagGbZA,Burlap and Rose Wedding Planning
o5Xk1xk2hCTmwlh75JWAKQ,Austintatious Events
ZsDFA_v_9FxQo-o1KaflrA,Rock N Dirt Yard
KmGkB_EOHf_cN91nUCQZlg,Bastrop Botanical Gardens
lCD471-ItlB4MCnogLY98g,The Tree Man
83bxH4FdO8p6rNN-_Abawg,Vintage & Lace Weddings
FyeT8IvWsYAZDJlKw_lLJA,Kitsch Event Styling
EerjpT8NqM-1lRz1gddehQ,Global Flowers 2 You
bEfxzyMHWz7sQTkHz_V-kw,Desk Plants
ZGyzmSw21fh9J_QquFrTHw,Austin Event Angels
v4DBysu-hd4AkIybRwKiGw,Brock + Co. Events
i0aAbLIr3L7jvZ57ZOVZsw,Memory Lane Event Center
Fi9QiJMK67ZSuIeORziedw,Creative Petal Designs-Cheryl Vaughan
72frski7INd_vNMzwu8rhQ,The Paper + Craft Pantry
WqeDes8OK1NAr9p2zuuhGQ,F&F Balloons
Kk2qh5eBuLnYloVYmZGFJA,The Nouveau Romantics
A7PFMO2UDuquB8Jn3XhBFg,Bella by Sara
9lcfxkmS_CUH2xqoXZ2rBw,Trim & Proper Mowing and Landscaping
Md0CxmcawDQBtUwr_mI9iw,Austin Occasions
ea5gZBRlwKY_84aKAcjfOw,Brenda Abbott Floral Design
jsE7vFza6tJtq2y96Poopw,Garden of the Ancients
8J1DEeFLR8WFU9qADz4dng,Daisies & Daffodils
HiUt7pEU5z4G-B5ohENjzQ,WhiteCurtin Design
tm3GPKPWwMdBPw2jzirExg,Red Barn Garden Center
7yd74X_nyVXpud_xf46H4Q,Sunshine Garden
wBXqgQbxVCDvykMSpw3aJg,"Your Wedding, Your Way"
87Ge54UVMXs3VdQOToOHSw,Green 'n Growing
Ag_CR6rA7WUmFEUnfuHhUQ,Edible Arrangements
DnbyiKmVP-tiH42uveMRXQ,The Home Depot
1xeSzzChvPRFZN8HI2scow,Bride's Best Friend
QTtmKl4Oku2elYeTrxxh_Q,Hope Valley Tree Farm
NaMqfFRiME7Kxhv4U5NnTg,Hill Country Water Gardens & Nursery
PAQXPBmobEhZulpUNRwN-w,"Advanced Organic Materials ""The Dirt Girl"""
nvwTiVdjvMk6LwljFe6RBw,Bricolage Curated Florals
rIDtRGyljpZhGlqSPiqpWQ,Allison's Events By Michelle
8q5W697uhUfU9BLOi-21hg,Events by DECISIONS
kg6k8LI4z51TI7kzDnc_mQ,Treasured Blossoms Floral and Event Design
giqrOhYFTVE3iZfxQ2Pvtw,Elope in Austin
Uxgg-LjZ8HszGsJLo5EgYA,Hermanas Event & Wedding Consulting Services
dIo81kIE0fT96yUlxaN_TA,Beau's Flower Child
TujxYXF6IFsVKY7GagGbZA,Burlap and Rose Wedding Planning
o5Xk1xk2hCTmwlh75JWAKQ,Austintatious Events
ZsDFA_v_9FxQo-o1KaflrA,Rock N Dirt Yard
KmGkB_EOHf_cN91nUCQZlg,Bastrop Botanical Gardens
lCD471-ItlB4MCnogLY98g,The Tree Man
83bxH4FdO8p6rNN-_Abawg,Vintage & Lace Weddings
FyeT8IvWsYAZDJlKw_lLJA,Kitsch Event Styling
EerjpT8NqM-1lRz1gddehQ,Global Flowers 2 You
bEfxzyMHWz7sQTkHz_V-kw,Desk Plants
ZGyzmSw21fh9J_QquFrTHw,Austin Event Angels
v4DBysu-hd4AkIybRwKiGw,Brock + Co. Events
i0aAbLIr3L7jvZ57ZOVZsw,Memory Lane Event Center
Fi9QiJMK67ZSuIeORziedw,Creative Petal Designs-Cheryl Vaughan
72frski7INd_vNMzwu8rhQ,The Paper + Craft Pantry
WqeDes8OK1NAr9p2zuuhGQ,F&F Balloons
dmoFgC4ElH05mNgKhkFugQ,See's Candies
RLZqKONtuJHDJKlmjPaGtQ,The Contemporary Austin - Laguna Gloria
IBOu4xGNezWHmi800-ZE1w,Whim Hospitality
RPq78HQFRP2bYXQn3W7PbA,Edible Arrangements
-MkbRsq8s1DN7YETcUKNoQ,Barbara's Brides
2A6pFLrFvFqu0f5VKVojzg,"Stop, Shop & Smile"
_UHivGCQpTY73HGpE1Lyfg,Sterling Events
We9eqNUOeArlEYPnE9yJBA,Shop 1431
8CXinfJp8JBCUkjyDx-71Q,Amy Florist
e02P7vu7SApBPwgBGqV7Xg,Wimberley Gardens
wBXqgQbxVCDvykMSpw3aJg,"Your Wedding, Your Way"
87Ge54UVMXs3VdQOToOHSw,Green 'n Growing
Ag_CR6rA7WUmFEUnfuHhUQ,Edible Arrangements
DnbyiKmVP-tiH42uveMRXQ,The Home Depot
1xeSzzChvPRFZN8HI2scow,Bride's Best Friend
QTtmKl4Oku2elYeTrxxh_Q,Hope Valley Tree Farm
NaMqfFRiME7Kxhv4U5NnTg,Hill Country Water Gardens & Nursery
PAQXPBmobEhZulpUNRwN-w,"Advanced Organic Materials ""The Dirt Girl"""
nvwTiVdjvMk6LwljFe6RBw,Bricolage Curated Florals
rIDtRGyljpZhGlqSPiqpWQ,Allison's Events By Michelle
8q5W697uhUfU9BLOi-21hg,Events by DECISIONS
kg6k8LI4z51TI7kzDnc_mQ,Treasured Blossoms Floral and Event Design
giqrOhYFTVE3iZfxQ2Pvtw,Elope in Austin
Uxgg-LjZ8HszGsJLo5EgYA,Hermanas Event & Wedding Consulting Services
dIo81kIE0fT96yUlxaN_TA,Beau's Flower Child
TujxYXF6IFsVKY7GagGbZA,Burlap and Rose Wedding Planning
o5Xk1xk2hCTmwlh75JWAKQ,Austintatious Events
ZsDFA_v_9FxQo-o1KaflrA,Rock N Dirt Yard
KmGkB_EOHf_cN91nUCQZlg,Bastrop Botanical Gardens
lCD471-ItlB4MCnogLY98g,The Tree Man
83bxH4FdO8p6rNN-_Abawg,Vintage & Lace Weddings
FyeT8IvWsYAZDJlKw_lLJA,Kitsch Event Styling
EerjpT8NqM-1lRz1gddehQ,Global Flowers 2 You
bEfxzyMHWz7sQTkHz_V-kw,Desk Plants
ZGyzmSw21fh9J_QquFrTHw,Austin Event Angels
v4DBysu-hd4AkIybRwKiGw,Brock + Co. Events
i0aAbLIr3L7jvZ57ZOVZsw,Memory Lane Event Center
Fi9QiJMK67ZSuIeORziedw,Creative Petal Designs-Cheryl Vaughan
72frski7INd_vNMzwu8rhQ,The Paper + Craft Pantry
WqeDes8OK1NAr9p2zuuhGQ,F&F Balloons
dmoFgC4ElH05mNgKhkFugQ,See's Candies
RLZqKONtuJHDJKlmjPaGtQ,The Contemporary Austin - Laguna Gloria
IBOu4xGNezWHmi800-ZE1w,Whim Hospitality
RPq78HQFRP2bYXQn3W7PbA,Edible Arrangements
-MkbRsq8s1DN7YETcUKNoQ,Barbara's Brides
2A6pFLrFvFqu0f5VKVojzg,"Stop, Shop & Smile"
_UHivGCQpTY73HGpE1Lyfg,Sterling Events
We9eqNUOeArlEYPnE9yJBA,Shop 1431
8CXinfJp8JBCUkjyDx-71Q,Amy Florist
e02P7vu7SApBPwgBGqV7Xg,Wimberley Gardens
xpp6PefRj4SEvFJde1y6PA,Round Rock Gardens
ybAewjE41HlwUys_6vOq1g,Land Art Nursery
jWfY4-3SeN3kkn9kyumomw,Design by Sage
d-uvsMYr_8RmHXMqzRsxSw,Snooper's Nursery
zGhdlDF08kHTegh7rFNQlg,Backbone Valley Nursery
Iv7EFJoT2ZiGgVLyjc9lwg,The Home Depot
LkgcURbJNWQfVRJ6WZCAWQ,Miss Jellybean
4rLYklHQ0J4lghjf60GIZg,Bridal Extravaganza
GGkVXGmjcsY6odDFj81_1w,Balloon People
JMtpO5Fpu68bPx1-agEZeQ,Garden-Ville Creedmoor
